publication_id,categoria_referencia,veces_incluida,veces_comparable,veces_A,veces_B,veces_C,veces_ambigua,categoria_modal_bootstrap,probabilidad_categoria_modal,estabilidad_categoria_referencia
MLC1878041405,C,57,57,0,0,57,0,C,1.0,1.0
MLC1878053449,C,62,62,0,0,62,0,C,1.0,1.0
MLC1878053659,C,76,76,0,0,76,0,C,1.0,1.0
MLC1878076597,A,65,65,65,0,0,0,A,1.0,1.0
MLC1878076599,A,59,59,59,0,0,0,A,1.0,1.0
MLC1878076601,B,63,63,10,53,0,0,B,0.8412698412698413,0.8412698412698413
MLC1878110373,A,58,58,58,0,0,0,A,1.0,1.0
MLC1878110375,A,61,61,61,0,0,0,A,1.0,1.0
MLC1878110377,C,60,60,0,0,60,0,C,1.0,1.0
MLC1878110379,A,66,66,66,0,0,0,A,1.0,1.0
MLC1878110381,C,67,67,0,0,67,0,C,1.0,1.0
MLC1878110383,A,59,59,59,0,0,0,A,1.0,1.0
MLC1878110385,A,67,67,67,0,0,0,A,1.0,1.0
MLC1880283597,C,67,67,0,0,67,0,C,1.0,1.0
MLC1880286743,A,67,67,67,0,0,0,A,1.0,1.0
MLC1882021595,A,55,55,55,0,0,0,A,1.0,1.0
MLC1882021597,A,73,73,73,0,0,0,A,1.0,1.0
MLC1882021599,C,60,60,12,0,48,0,C,0.8,0.8
MLC1882021611,A,69,69,69,0,0,0,A,1.0,1.0
MLC1882033427,C,61,61,0,0,61,0,C,1.0,1.0
MLC1882033435,A,65,65,65,0,0,0,A,1.0,1.0
MLC1882033437,A,63,63,63,0,0,0,A,1.0,1.0
MLC1882033445,A,62,62,62,0,0,0,A,1.0,1.0
MLC1882039995,C,71,71,0,0,71,0,C,1.0,1.0
MLC1882039997,A,64,64,64,0,0,0,A,1.0,1.0
MLC1882039999,C,66,66,0,0,66,0,C,1.0,1.0
MLC1882040001,A,67,67,67,0,0,0,A,1.0,1.0
MLC1882040003,A,54,54,54,0,0,0,A,1.0,1.0
MLC1882040007,A,62,62,62,0,0,0,A,1.0,1.0
MLC1887635501,B,53,51,0,47,4,2,B,0.9215686274509803,0.9215686274509803
MLC1887635513,B,58,58,0,58,0,0,B,1.0,1.0
MLC1887635515,C,67,67,0,0,67,0,C,1.0,1.0
MLC1887635523,C,60,60,0,0,60,0,C,1.0,1.0
MLC1887635537,B,55,55,0,54,1,0,B,0.9818181818181818,0.9818181818181818
MLC1887635545,B,68,68,0,68,0,0,B,1.0,1.0
MLC1887635547,C,55,55,0,0,55,0,C,1.0,1.0
MLC1887635621,A,58,58,58,0,0,0,A,1.0,1.0
MLC1887635635,B,59,59,0,59,0,0,B,1.0,1.0
MLC1887635641,B,71,71,0,71,0,0,B,1.0,1.0
MLC1887635665,C,69,69,0,0,69,0,C,1.0,1.0
MLC1887635713,A,66,66,66,0,0,0,A,1.0,1.0
MLC1887635715,C,69,69,0,0,69,0,C,1.0,1.0
MLC1887635717,C,66,66,0,0,66,0,C,1.0,1.0
MLC1887635749,B,59,57,0,55,2,2,B,0.9649122807017544,0.9649122807017544
MLC1887635797,A,55,55,55,0,0,0,A,1.0,1.0
MLC1887672061,B,59,59,0,59,0,0,B,1.0,1.0
MLC1887672065,C,73,73,0,0,73,0,C,1.0,1.0
MLC1887672069,C,66,66,0,0,66,0,C,1.0,1.0
MLC1887672071,A,59,59,59,0,0,0,A,1.0,1.0
MLC1887672081,A,69,69,67,2,0,0,A,0.9710144927536232,0.9710144927536232
MLC1887672083,B,53,53,0,53,0,0,B,1.0,1.0
MLC1887672095,C,60,60,0,0,60,0,C,1.0,1.0
MLC1887672099,A,76,73,23,0,50,3,C,0.684931506849315,0.3150684931506849
MLC1887672105,C,53,53,0,0,53,0,C,1.0,1.0
MLC1887672107,A,57,51,21,18,12,6,A,0.4117647058823529,0.4117647058823529
MLC1887672117,C,65,65,0,0,65,0,C,1.0,1.0
MLC1887672185,B,61,61,0,61,0,0,B,1.0,1.0
MLC1887672199,A,54,54,42,12,0,0,A,0.7777777777777778,0.7777777777777778
MLC1887672231,B,65,65,0,65,0,0,B,1.0,1.0
MLC1887672241,B,62,62,0,62,0,0,B,1.0,1.0
MLC1887672271,A,68,68,68,0,0,0,A,1.0,1.0
MLC1887672289,B,71,71,0,71,0,0,B,1.0,1.0
MLC1887672301,C,68,68,0,0,68,0,C,1.0,1.0
MLC1887672303,C,62,62,0,0,62,0,C,1.0,1.0
MLC1887672331,B,56,56,0,56,0,0,B,1.0,1.0
MLC1887672347,C,70,70,0,0,70,0,C,1.0,1.0
MLC1887672361,A,66,64,21,0,43,2,C,0.671875,0.328125
MLC1887672401,A,65,65,65,0,0,0,A,1.0,1.0
MLC1887685131,C,52,52,0,0,52,0,C,1.0,1.0
MLC1887685133,C,64,64,0,0,64,0,C,1.0,1.0
MLC1887685147,B,65,63,0,60,3,2,B,0.9523809523809523,0.9523809523809523
MLC1887685149,B,62,62,22,27,13,0,B,0.43548387096774194,0.43548387096774194
MLC1887685155,C,53,53,0,0,53,0,C,1.0,1.0
MLC1887685193,C,59,59,0,22,37,0,C,0.6271186440677966,0.6271186440677966
MLC1887685199,C,69,69,0,0,69,0,C,1.0,1.0
MLC1887685201,A,63,63,63,0,0,0,A,1.0,1.0
MLC1887685211,B,58,58,0,58,0,0,B,1.0,1.0
MLC1887685235,A,65,63,40,23,0,2,A,0.6349206349206349,0.6349206349206349
MLC1887685255,C,62,62,0,0,62,0,C,1.0,1.0
MLC1887685299,B,64,64,0,64,0,0,B,1.0,1.0
MLC1887685309,C,62,62,0,0,62,0,C,1.0,1.0
MLC1887685339,C,66,66,0,0,66,0,C,1.0,1.0
MLC1887685345,A,60,60,60,0,0,0,A,1.0,1.0
MLC1887685357,C,56,56,0,0,56,0,C,1.0,1.0
MLC1887685371,B,65,65,0,65,0,0,B,1.0,1.0
MLC1887685373,C,60,60,0,0,60,0,C,1.0,1.0
MLC1887685399,C,60,60,0,0,60,0,C,1.0,1.0
MLC1887685433,C,63,63,0,0,63,0,C,1.0,1.0
MLC1887685437,C,62,62,0,0,62,0,C,1.0,1.0
MLC1887685447,C,58,58,0,0,58,0,C,1.0,1.0
MLC1887685457,C,66,66,0,0,66,0,C,1.0,1.0
MLC1887698031,B,66,66,0,66,0,0,B,1.0,1.0
MLC1887698041,C,62,62,0,0,62,0,C,1.0,1.0
MLC1887698049,B,67,67,0,67,0,0,B,1.0,1.0
MLC1887698051,C,53,53,0,0,53,0,C,1.0,1.0
MLC1887698053,C,70,70,0,0,70,0,C,1.0,1.0
MLC1887698057,C,59,59,0,0,59,0,C,1.0,1.0
MLC1887698065,B,62,60,0,58,2,2,B,0.9666666666666667,0.9666666666666667
MLC1887698083,C,60,60,0,0,60,0,C,1.0,1.0
MLC1887698113,C,54,54,0,0,54,0,C,1.0,1.0
MLC1887698115,B,55,55,0,55,0,0,B,1.0,1.0
MLC1887698129,C,60,60,0,0,60,0,C,1.0,1.0
MLC1887698135,C,64,58,14,0,44,6,C,0.7586206896551724,0.7586206896551724
MLC1887698147,C,63,61,19,0,42,2,C,0.6885245901639344,0.6885245901639344
MLC1887698153,B,67,67,0,67,0,0,B,1.0,1.0
MLC1887698157,C,68,68,0,0,68,0,C,1.0,1.0
MLC1887698165,C,62,62,0,0,62,0,C,1.0,1.0
MLC1887698193,C,64,64,0,0,64,0,C,1.0,1.0
MLC1887698237,B,63,63,1,62,0,0,B,0.9841269841269841,0.9841269841269841
MLC1887698239,C,62,62,0,0,62,0,C,1.0,1.0
MLC1887698261,C,60,60,0,0,60,0,C,1.0,1.0
MLC1887698275,C,52,52,0,0,52,0,C,1.0,1.0
MLC1887698283,A,62,62,62,0,0,0,A,1.0,1.0
MLC1887698287,B,67,67,0,67,0,0,B,1.0,1.0
MLC1887698303,C,69,69,0,0,69,0,C,1.0,1.0
MLC1887698327,A,66,66,66,0,0,0,A,1.0,1.0
MLC1887710743,A,65,65,65,0,0,0,A,1.0,1.0
MLC1887710745,B,63,61,24,23,14,2,A,0.39344262295081966,0.3770491803278688
MLC1887710771,C,65,65,0,0,65,0,C,1.0,1.0
MLC1887710777,C,66,66,0,3,63,0,C,0.9545454545454546,0.9545454545454546
MLC1887710779,C,67,67,0,0,67,0,C,1.0,1.0
MLC1887710793,C,71,71,0,0,71,0,C,1.0,1.0
MLC1887710799,A,61,61,61,0,0,0,A,1.0,1.0
MLC1887710809,C,64,64,0,0,64,0,C,1.0,1.0
MLC1887710873,A,68,66,33,33,0,2,A,0.5,0.5
MLC1887710903,C,68,68,0,0,68,0,C,1.0,1.0
MLC1887710915,C,55,55,0,0,55,0,C,1.0,1.0
MLC1887710927,C,65,65,0,0,65,0,C,1.0,1.0
MLC1887710933,C,64,64,0,0,64,0,C,1.0,1.0
MLC1887710949,B,63,63,0,63,0,0,B,1.0,1.0
MLC1887710955,A,68,68,68,0,0,0,A,1.0,1.0
MLC1887710957,C,67,67,0,0,67,0,C,1.0,1.0
MLC1887711015,C,64,64,0,0,64,0,C,1.0,1.0
MLC1887711019,C,66,66,0,0,66,0,C,1.0,1.0
MLC1887711079,A,67,67,67,0,0,0,A,1.0,1.0
MLC1887757141,C,56,56,0,0,56,0,C,1.0,1.0
MLC1887757147,A,63,63,63,0,0,0,A,1.0,1.0
MLC1887757149,A,68,68,68,0,0,0,A,1.0,1.0
MLC1887757167,C,60,60,0,0,60,0,C,1.0,1.0
MLC1887757203,C,59,59,0,0,59,0,C,1.0,1.0
MLC1887757249,C,68,68,0,0,68,0,C,1.0,1.0
MLC1887757303,C,60,60,0,0,60,0,C,1.0,1.0
MLC1887757329,C,57,57,0,0,57,0,C,1.0,1.0
MLC1887757337,C,58,58,0,0,58,0,C,1.0,1.0
MLC1887757339,C,71,71,0,0,71,0,C,1.0,1.0
MLC1887757351,A,63,63,63,0,0,0,A,1.0,1.0
MLC1887757355,C,64,64,0,0,64,0,C,1.0,1.0
MLC1887757415,C,70,70,0,0,70,0,C,1.0,1.0
MLC1887757429,C,65,65,0,0,65,0,C,1.0,1.0
MLC1887757431,C,64,64,0,0,64,0,C,1.0,1.0
MLC1887757439,C,60,60,0,0,60,0,C,1.0,1.0
MLC1887757445,A,59,59,59,0,0,0,A,1.0,1.0
MLC1887757469,C,63,63,0,0,63,0,C,1.0,1.0
MLC1887757473,A,61,61,61,0,0,0,A,1.0,1.0
MLC1887757475,A,63,61,20,0,41,2,C,0.6721311475409836,0.32786885245901637
MLC1892216729,A,63,63,63,0,0,0,A,1.0,1.0
MLC1892228723,A,50,50,50,0,0,0,A,1.0,1.0
MLC1898810311,A,62,62,60,2,0,0,A,0.967741935483871,0.967741935483871
MLC1898810313,B,71,71,0,71,0,0,B,1.0,1.0
MLC1898810315,C,60,60,0,0,60,0,C,1.0,1.0
MLC1898810317,B,55,55,0,55,0,0,B,1.0,1.0
MLC1898810319,B,55,55,0,55,0,0,B,1.0,1.0
MLC1898810323,B,57,57,0,57,0,0,B,1.0,1.0
MLC1898810325,C,62,62,0,0,62,0,C,1.0,1.0
MLC1898810327,C,58,58,0,0,58,0,C,1.0,1.0
MLC1898810329,C,65,63,0,3,60,2,C,0.9523809523809523,0.9523809523809523
MLC1898810331,B,60,60,0,60,0,0,B,1.0,1.0
MLC1898810337,B,65,65,1,64,0,0,B,0.9846153846153847,0.9846153846153847
MLC1898810339,B,68,68,0,68,0,0,B,1.0,1.0
MLC1898810341,C,63,63,0,0,63,0,C,1.0,1.0
MLC1898810345,B,59,59,0,55,4,0,B,0.9322033898305084,0.9322033898305084
MLC1898810347,B,65,65,0,65,0,0,B,1.0,1.0
MLC1898810349,C,64,62,0,23,39,2,C,0.6290322580645161,0.6290322580645161
MLC1898810353,C,69,67,0,2,65,2,C,0.9701492537313433,0.9701492537313433
MLC1898810355,B,56,56,0,56,0,0,B,1.0,1.0
MLC1898810359,C,57,57,0,0,57,0,C,1.0,1.0
MLC1898810361,A,67,67,44,23,0,0,A,0.6567164179104478,0.6567164179104478
MLC1898810363,C,58,58,0,0,58,0,C,1.0,1.0
MLC1898810365,C,63,63,0,0,63,0,C,1.0,1.0
MLC1898810367,A,62,62,62,0,0,0,A,1.0,1.0
MLC1898810369,B,59,59,0,59,0,0,B,1.0,1.0
MLC1898810373,B,63,63,0,63,0,0,B,1.0,1.0
MLC1898810375,C,61,61,0,0,61,0,C,1.0,1.0
MLC1898810377,C,62,62,0,0,62,0,C,1.0,1.0
MLC1898810379,B,62,62,0,62,0,0,B,1.0,1.0
MLC1898810381,C,61,61,0,2,59,0,C,0.9672131147540983,0.9672131147540983
MLC1898810383,B,62,62,0,62,0,0,B,1.0,1.0
MLC1898810385,B,57,57,7,50,0,0,B,0.8771929824561403,0.8771929824561403
MLC1898810387,A,73,73,73,0,0,0,A,1.0,1.0
MLC1898810389,A,72,72,72,0,0,0,A,1.0,1.0
MLC1898810391,C,63,63,0,0,63,0,C,1.0,1.0
MLC1898810393,B,59,59,0,59,0,0,B,1.0,1.0
MLC1898810395,B,57,55,0,54,1,2,B,0.9818181818181818,0.9818181818181818
MLC1898810397,C,67,67,0,0,67,0,C,1.0,1.0
MLC1898810399,A,62,62,62,0,0,0,A,1.0,1.0
MLC1898810401,C,62,62,0,0,62,0,C,1.0,1.0
MLC1898810403,B,57,57,0,57,0,0,B,1.0,1.0
MLC1898810405,B,65,65,2,63,0,0,B,0.9692307692307692,0.9692307692307692
MLC1898810407,C,64,64,0,0,64,0,C,1.0,1.0
MLC1898810409,B,65,65,0,65,0,0,B,1.0,1.0
MLC1898810411,B,67,67,0,67,0,0,B,1.0,1.0
MLC1898810413,C,68,68,0,0,68,0,C,1.0,1.0
MLC1908462665,B,65,65,22,43,0,0,B,0.6615384615384615,0.6615384615384615
MLC1908468347,A,72,72,72,0,0,0,A,1.0,1.0
MLC1908468349,B,66,66,9,57,0,0,B,0.8636363636363636,0.8636363636363636
MLC1908478659,B,60,60,4,56,0,0,B,0.9333333333333333,0.9333333333333333
MLC1919340747,A,62,62,62,0,0,0,A,1.0,1.0
MLC1919340749,B,63,63,0,63,0,0,B,1.0,1.0
MLC1919340753,C,64,64,0,0,64,0,C,1.0,1.0
MLC1919340759,C,58,58,0,0,58,0,C,1.0,1.0
MLC1919340761,B,74,74,0,74,0,0,B,1.0,1.0
MLC1919340763,B,69,69,0,69,0,0,B,1.0,1.0
MLC1919340765,B,61,58,0,56,2,3,B,0.9655172413793104,0.9655172413793104
MLC1919340767,B,71,71,0,71,0,0,B,1.0,1.0
MLC1919340769,B,53,51,0,48,3,2,B,0.9411764705882353,0.9411764705882353
MLC1919340773,C,65,65,0,0,65,0,C,1.0,1.0
MLC1919340797,B,61,61,0,61,0,0,B,1.0,1.0
MLC1919340817,B,60,60,0,37,23,0,B,0.6166666666666667,0.6166666666666667
MLC1919340821,B,66,66,0,66,0,0,B,1.0,1.0
MLC1919340827,B,67,67,0,67,0,0,B,1.0,1.0
MLC1919340833,C,60,60,0,0,60,0,C,1.0,1.0
MLC1919366299,C,60,60,0,0,60,0,C,1.0,1.0
MLC1919366301,C,64,64,0,3,61,0,C,0.953125,0.953125
MLC1919366311,B,58,58,0,58,0,0,B,1.0,1.0
MLC1919366313,C,63,63,0,0,63,0,C,1.0,1.0
MLC1919366315,B,60,60,0,60,0,0,B,1.0,1.0
MLC1919366319,B,62,62,0,62,0,0,B,1.0,1.0
MLC1919366321,A,69,69,60,0,9,0,A,0.8695652173913043,0.8695652173913043
MLC1919366323,B,62,62,0,58,4,0,B,0.9354838709677419,0.9354838709677419
MLC1919366337,B,61,61,0,61,0,0,B,1.0,1.0
MLC1919366351,C,70,70,0,0,70,0,C,1.0,1.0
MLC1919366369,A,65,65,65,0,0,0,A,1.0,1.0
MLC1919366373,C,58,58,0,0,58,0,C,1.0,1.0
MLC1919366391,C,67,67,0,0,67,0,C,1.0,1.0
MLC1919366401,A,65,64,53,11,0,1,A,0.828125,0.828125
MLC1919366413,B,74,74,0,74,0,0,B,1.0,1.0
MLC1919366415,B,59,59,0,59,0,0,B,1.0,1.0
MLC1919379133,C,71,71,0,0,71,0,C,1.0,1.0
MLC1919379135,B,65,65,0,65,0,0,B,1.0,1.0
MLC1919379137,C,67,67,0,0,67,0,C,1.0,1.0
MLC1919379141,C,69,69,0,0,69,0,C,1.0,1.0
MLC1919379147,B,68,68,0,68,0,0,B,1.0,1.0
MLC1919379153,C,59,59,0,0,59,0,C,1.0,1.0
MLC1919379157,C,69,69,0,0,69,0,C,1.0,1.0
MLC1919379159,C,65,65,0,4,61,0,C,0.9384615384615385,0.9384615384615385
MLC1919379161,B,60,60,0,60,0,0,B,1.0,1.0
MLC1919379173,C,56,56,0,0,56,0,C,1.0,1.0
MLC1919379179,C,64,63,4,0,59,1,C,0.9365079365079365,0.9365079365079365
MLC1919379195,C,70,70,0,0,70,0,C,1.0,1.0
MLC1919379211,B,59,59,0,59,0,0,B,1.0,1.0
MLC1919379215,B,61,61,0,61,0,0,B,1.0,1.0
MLC1919379245,B,62,62,0,62,0,0,B,1.0,1.0
MLC1919392231,B,67,67,0,67,0,0,B,1.0,1.0
MLC1919392233,C,59,59,0,0,59,0,C,1.0,1.0
MLC1919392235,C,67,67,0,0,67,0,C,1.0,1.0
MLC1919392237,B,60,60,0,60,0,0,B,1.0,1.0
MLC1919392243,B,69,67,0,63,4,2,B,0.9402985074626866,0.9402985074626866
MLC1919392245,B,71,71,0,71,0,0,B,1.0,1.0
MLC1919392249,C,64,64,0,6,58,0,C,0.90625,0.90625
MLC1919392251,C,56,56,0,0,56,0,C,1.0,1.0
MLC1919392257,C,58,58,0,0,58,0,C,1.0,1.0
MLC1919392259,B,59,59,0,59,0,0,B,1.0,1.0
MLC1919392263,B,63,63,0,63,0,0,B,1.0,1.0
MLC1919392265,C,63,63,0,0,63,0,C,1.0,1.0
MLC1919392273,C,60,60,0,0,60,0,C,1.0,1.0
MLC1919392305,C,65,65,0,0,65,0,C,1.0,1.0
MLC1919392307,C,66,66,0,0,66,0,C,1.0,1.0
MLC1919392313,C,64,64,0,0,64,0,C,1.0,1.0
MLC1919392331,B,59,59,0,59,0,0,B,1.0,1.0
MLC1919405235,C,67,67,0,0,67,0,C,1.0,1.0
MLC1919405237,C,60,60,0,0,60,0,C,1.0,1.0
MLC1919405241,B,62,62,0,62,0,0,B,1.0,1.0
MLC1919405243,C,69,69,0,0,69,0,C,1.0,1.0
MLC1919405247,C,70,70,0,0,70,0,C,1.0,1.0
MLC1919405253,B,65,65,0,65,0,0,B,1.0,1.0
MLC1919405265,B,70,66,0,62,4,4,B,0.9393939393939394,0.9393939393939394
MLC1919405287,C,63,63,0,0,63,0,C,1.0,1.0
MLC1919405299,B,68,62,0,62,0,6,B,1.0,1.0
MLC1919405335,C,58,58,0,0,58,0,C,1.0,1.0
MLC1919405341,B,65,65,0,65,0,0,B,1.0,1.0
MLC1919405343,C,68,68,0,0,68,0,C,1.0,1.0
MLC1919405347,C,72,72,0,0,72,0,C,1.0,1.0
MLC1919405351,B,66,66,0,66,0,0,B,1.0,1.0
MLC1919418251,B,71,71,0,71,0,0,B,1.0,1.0
MLC1919418255,C,58,58,0,0,58,0,C,1.0,1.0
MLC1919418257,B,64,64,0,64,0,0,B,1.0,1.0
MLC1919418259,B,65,65,0,65,0,0,B,1.0,1.0
MLC1919418261,B,66,66,0,66,0,0,B,1.0,1.0
MLC1919418273,B,66,66,0,66,0,0,B,1.0,1.0
MLC1919418275,C,58,58,0,0,58,0,C,1.0,1.0
MLC1919418283,C,75,73,0,2,71,2,C,0.9726027397260274,0.9726027397260274
MLC1919418295,C,54,54,0,0,54,0,C,1.0,1.0
MLC1919418309,C,63,63,0,0,63,0,C,1.0,1.0
MLC1919418311,B,71,71,0,71,0,0,B,1.0,1.0
MLC1919418315,B,63,63,0,63,0,0,B,1.0,1.0
MLC1919418347,B,57,57,0,57,0,0,B,1.0,1.0
MLC1919418353,C,64,64,0,0,64,0,C,1.0,1.0
MLC1946976747,A,69,69,69,0,0,0,A,1.0,1.0
MLC1946976749,C,66,66,0,0,66,0,C,1.0,1.0
MLC1946976755,C,68,68,0,0,68,0,C,1.0,1.0
MLC1946976869,A,58,58,58,0,0,0,A,1.0,1.0
MLC1946976871,A,63,63,63,0,0,0,A,1.0,1.0
MLC1946989113,C,56,56,0,0,56,0,C,1.0,1.0
MLC1946989115,C,59,59,0,0,59,0,C,1.0,1.0
MLC1946989117,A,64,64,64,0,0,0,A,1.0,1.0
MLC1946989119,A,65,65,65,0,0,0,A,1.0,1.0
MLC1946989121,C,64,64,5,0,59,0,C,0.921875,0.921875
MLC1946989123,A,64,64,63,0,1,0,A,0.984375,0.984375
MLC1946989125,A,61,61,61,0,0,0,A,1.0,1.0
MLC1946989127,C,62,62,0,0,62,0,C,1.0,1.0
MLC1946989129,C,65,65,0,0,65,0,C,1.0,1.0
MLC1947001663,A,59,59,59,0,0,0,A,1.0,1.0
MLC1947001665,C,53,53,0,0,53,0,C,1.0,1.0
MLC1947001667,C,63,63,0,0,63,0,C,1.0,1.0
MLC1947001669,A,63,63,63,0,0,0,A,1.0,1.0
MLC1947001671,C,61,61,0,0,61,0,C,1.0,1.0
MLC1947014887,A,59,59,59,0,0,0,A,1.0,1.0
MLC1947014889,A,60,60,60,0,0,0,A,1.0,1.0
MLC1947014891,C,61,61,0,0,61,0,C,1.0,1.0
MLC1949396231,A,58,58,58,0,0,0,A,1.0,1.0
MLC1949396233,A,68,68,68,0,0,0,A,1.0,1.0
MLC1949404663,A,69,69,69,0,0,0,A,1.0,1.0
MLC1949404669,A,65,65,65,0,0,0,A,1.0,1.0
MLC1949421591,A,65,65,65,0,0,0,A,1.0,1.0
MLC1949427605,A,73,73,73,0,0,0,A,1.0,1.0
MLC1949427615,C,70,70,0,0,70,0,C,1.0,1.0
MLC1949427677,A,60,60,60,0,0,0,A,1.0,1.0
MLC1952311563,A,64,64,64,0,0,0,A,1.0,1.0
MLC1955676823,C,66,66,0,0,66,0,C,1.0,1.0
MLC1955676897,C,72,72,0,0,72,0,C,1.0,1.0
MLC1955676913,C,63,63,0,0,63,0,C,1.0,1.0
MLC1955676917,C,65,65,0,0,65,0,C,1.0,1.0
MLC1955702765,A,69,69,69,0,0,0,A,1.0,1.0
MLC1955715775,A,61,61,61,0,0,0,A,1.0,1.0
MLC1955715777,A,58,58,58,0,0,0,A,1.0,1.0
MLC1955715791,C,66,66,0,0,66,0,C,1.0,1.0
MLC1955728517,C,59,59,0,0,59,0,C,1.0,1.0
MLC1955728611,C,62,62,0,0,62,0,C,1.0,1.0
MLC1957382365,A,63,63,63,0,0,0,A,1.0,1.0
MLC1967126371,A,75,75,53,0,22,0,A,0.7066666666666667,0.7066666666666667
MLC1967378155,A,63,63,63,0,0,0,A,1.0,1.0
MLC1967389483,A,58,58,58,0,0,0,A,1.0,1.0
MLC1980335629,A,64,64,64,0,0,0,A,1.0,1.0
MLC1982207629,A,67,67,67,0,0,0,A,1.0,1.0
MLC3737992360,A,65,65,65,0,0,0,A,1.0,1.0
MLC3738000158,B,61,61,3,58,0,0,B,0.9508196721311475,0.9508196721311475
MLC3738002408,A,68,68,68,0,0,0,A,1.0,1.0
MLC3738010376,A,69,69,69,0,0,0,A,1.0,1.0
MLC3738012494,A,63,63,63,0,0,0,A,1.0,1.0
MLC3738017686,A,66,66,66,0,0,0,A,1.0,1.0
MLC3738017690,C,60,60,0,0,60,0,C,1.0,1.0
MLC3738017692,C,66,66,0,0,66,0,C,1.0,1.0
MLC3738017694,A,62,62,62,0,0,0,A,1.0,1.0
MLC3738017696,A,63,63,63,0,0,0,A,1.0,1.0
MLC3738018134,A,73,73,73,0,0,0,A,1.0,1.0
MLC3738025160,A,67,67,67,0,0,0,A,1.0,1.0
MLC3738030114,A,53,53,53,0,0,0,A,1.0,1.0
MLC3738030116,C,69,69,0,0,69,0,C,1.0,1.0
MLC3738030120,A,64,64,64,0,0,0,A,1.0,1.0
MLC3738043122,A,60,60,54,0,6,0,A,0.9,0.9
MLC3738043124,A,65,65,65,0,0,0,A,1.0,1.0
MLC3738073702,A,68,68,68,0,0,0,A,1.0,1.0
MLC3738073704,A,65,62,21,0,41,3,C,0.6612903225806451,0.3387096774193548
MLC3738073706,A,65,65,65,0,0,0,A,1.0,1.0
MLC3738073708,A,62,62,62,0,0,0,A,1.0,1.0
MLC3738073710,A,75,75,75,0,0,0,A,1.0,1.0
MLC3738085760,A,58,58,58,0,0,0,A,1.0,1.0
MLC3738085764,C,64,64,7,0,57,0,C,0.890625,0.890625
MLC3738085766,A,62,62,62,0,0,0,A,1.0,1.0
MLC3746188512,A,63,63,63,0,0,0,A,1.0,1.0
MLC3746188514,A,54,54,54,0,0,0,A,1.0,1.0
MLC3746188516,A,62,62,62,0,0,0,A,1.0,1.0
MLC3746188518,A,68,68,68,0,0,0,A,1.0,1.0
MLC3746188524,A,60,60,60,0,0,0,A,1.0,1.0
MLC3746224792,C,68,68,0,0,68,0,C,1.0,1.0
MLC3746224798,A,64,64,47,0,17,0,A,0.734375,0.734375
MLC3746224800,A,65,65,65,0,0,0,A,1.0,1.0
MLC3746224804,C,59,59,0,0,59,0,C,1.0,1.0
MLC3765157646,C,63,63,0,0,63,0,C,1.0,1.0
MLC3765157660,C,66,66,0,0,66,0,C,1.0,1.0
MLC3765157688,A,66,66,66,0,0,0,A,1.0,1.0
MLC3765157692,C,58,57,20,0,37,1,C,0.6491228070175439,0.6491228070175439
MLC3765157742,C,68,68,0,0,68,0,C,1.0,1.0
MLC3765157744,C,61,61,0,0,61,0,C,1.0,1.0
MLC3765157834,C,70,70,0,0,70,0,C,1.0,1.0
MLC3765157884,C,64,64,0,0,64,0,C,1.0,1.0
MLC3765157910,C,61,61,0,0,61,0,C,1.0,1.0
MLC3765157916,C,63,63,0,0,63,0,C,1.0,1.0
MLC3765157920,C,64,64,0,0,64,0,C,1.0,1.0
MLC3765157922,C,59,59,0,0,59,0,C,1.0,1.0
MLC3765157940,A,67,67,67,0,0,0,A,1.0,1.0
MLC3765157944,B,70,69,8,61,0,1,B,0.8840579710144928,0.8840579710144928
MLC3765170186,C,64,64,0,0,64,0,C,1.0,1.0
MLC3765170192,A,66,66,66,0,0,0,A,1.0,1.0
MLC3765170202,B,60,60,0,60,0,0,B,1.0,1.0
MLC3765170208,A,71,71,71,0,0,0,A,1.0,1.0
MLC3765170210,B,69,69,0,69,0,0,B,1.0,1.0
MLC3765170232,B,67,67,12,55,0,0,B,0.8208955223880597,0.8208955223880597
MLC3765170242,C,53,53,0,0,53,0,C,1.0,1.0
MLC3765170258,B,62,62,0,62,0,0,B,1.0,1.0
MLC3765170278,C,68,68,0,0,68,0,C,1.0,1.0
MLC3765170286,C,60,60,0,0,60,0,C,1.0,1.0
MLC3765170314,B,54,54,5,49,0,0,B,0.9074074074074074,0.9074074074074074
MLC3765170398,B,59,59,0,59,0,0,B,1.0,1.0
MLC3765170446,C,64,64,0,0,64,0,C,1.0,1.0
MLC3765170450,C,66,66,0,0,66,0,C,1.0,1.0
MLC3765170454,C,67,67,0,0,67,0,C,1.0,1.0
MLC3765170468,C,68,65,0,19,46,3,C,0.7076923076923077,0.7076923076923077
MLC3765170472,C,63,63,0,0,63,0,C,1.0,1.0
MLC3765170482,B,68,66,0,59,7,2,B,0.8939393939393939,0.8939393939393939
MLC3765179152,C,67,67,0,0,67,0,C,1.0,1.0
MLC3765179168,A,75,75,75,0,0,0,A,1.0,1.0
MLC3765179170,C,59,59,0,0,59,0,C,1.0,1.0
MLC3765179178,A,67,67,67,0,0,0,A,1.0,1.0
MLC3765179180,A,63,63,63,0,0,0,A,1.0,1.0
MLC3765179182,C,69,69,0,0,69,0,C,1.0,1.0
MLC3765179190,B,59,59,0,59,0,0,B,1.0,1.0
MLC3765179192,C,70,70,0,0,70,0,C,1.0,1.0
MLC3765179224,B,67,67,0,67,0,0,B,1.0,1.0
MLC3765179246,A,58,58,58,0,0,0,A,1.0,1.0
MLC3765179266,C,65,65,0,1,64,0,C,0.9846153846153847,0.9846153846153847
MLC3765179280,C,62,62,0,0,62,0,C,1.0,1.0
MLC3765179298,A,58,58,58,0,0,0,A,1.0,1.0
MLC3765179358,C,61,61,0,4,57,0,C,0.9344262295081968,0.9344262295081968
MLC3765179368,A,60,60,58,2,0,0,A,0.9666666666666667,0.9666666666666667
MLC3765179374,A,61,61,60,0,1,0,A,0.9836065573770492,0.9836065573770492
MLC3765179410,C,61,61,0,0,61,0,C,1.0,1.0
MLC3765179436,B,56,56,0,56,0,0,B,1.0,1.0
MLC3765179456,C,58,58,0,0,58,0,C,1.0,1.0
MLC3765179470,C,65,65,0,0,65,0,C,1.0,1.0
MLC3765192162,C,69,69,0,0,69,0,C,1.0,1.0
MLC3765192168,C,61,61,0,0,61,0,C,1.0,1.0
MLC3765192182,C,65,62,24,0,38,3,C,0.6129032258064516,0.6129032258064516
MLC3765192188,C,61,61,0,0,61,0,C,1.0,1.0
MLC3765192192,B,67,67,0,67,0,0,B,1.0,1.0
MLC3765192222,C,64,64,0,0,64,0,C,1.0,1.0
MLC3765192246,C,61,61,0,0,61,0,C,1.0,1.0
MLC3765192258,C,75,75,0,0,75,0,C,1.0,1.0
MLC3765192320,C,62,62,0,0,62,0,C,1.0,1.0
MLC3765192334,A,60,60,60,0,0,0,A,1.0,1.0
MLC3765192356,C,60,60,0,0,60,0,C,1.0,1.0
MLC3765192410,B,67,67,0,67,0,0,B,1.0,1.0
MLC3765192418,C,66,66,0,0,66,0,C,1.0,1.0
MLC3765192420,C,69,69,0,0,69,0,C,1.0,1.0
MLC3765241240,A,67,67,67,0,0,0,A,1.0,1.0
MLC3765241242,B,65,65,0,65,0,0,B,1.0,1.0
MLC3765241244,C,64,64,0,0,64,0,C,1.0,1.0
MLC3765241248,A,67,67,66,0,1,0,A,0.9850746268656716,0.9850746268656716
MLC3765241256,B,59,59,0,59,0,0,B,1.0,1.0
MLC3765241262,B,69,69,0,69,0,0,B,1.0,1.0
MLC3765241264,C,66,66,0,0,66,0,C,1.0,1.0
MLC3765241282,C,63,63,0,0,63,0,C,1.0,1.0
MLC3765241288,C,49,49,0,0,49,0,C,1.0,1.0
MLC3765241294,C,63,63,0,0,63,0,C,1.0,1.0
MLC3765241302,C,60,60,0,0,60,0,C,1.0,1.0
MLC3765241308,B,68,68,0,68,0,0,B,1.0,1.0
MLC3765241310,B,65,65,0,65,0,0,B,1.0,1.0
MLC3765241314,C,57,57,0,0,57,0,C,1.0,1.0
MLC3765241336,B,65,65,0,65,0,0,B,1.0,1.0
MLC3765241360,A,71,71,71,0,0,0,A,1.0,1.0
MLC3765241416,C,65,65,0,0,65,0,C,1.0,1.0
MLC3765241450,C,67,67,0,0,67,0,C,1.0,1.0
MLC3765241490,A,67,67,67,0,0,0,A,1.0,1.0
MLC3765241504,C,67,67,0,0,67,0,C,1.0,1.0
MLC3765241512,A,60,59,40,19,0,1,A,0.6779661016949152,0.6779661016949152
MLC3765241518,C,60,60,0,0,60,0,C,1.0,1.0
MLC3765241520,A,75,75,74,1,0,0,A,0.9866666666666667,0.9866666666666667
MLC3765241532,B,62,62,0,62,0,0,B,1.0,1.0
MLC3765241546,B,62,62,1,61,0,0,B,0.9838709677419355,0.9838709677419355
MLC3765241570,C,61,61,0,0,61,0,C,1.0,1.0
MLC3765241576,B,69,69,0,69,0,0,B,1.0,1.0
MLC3765241578,C,67,67,0,0,67,0,C,1.0,1.0
MLC3765241588,B,65,65,0,65,0,0,B,1.0,1.0
MLC3765241600,C,55,51,18,0,33,4,C,0.6470588235294118,0.6470588235294118
MLC3776440424,C,70,70,0,0,70,0,C,1.0,1.0
MLC3776551612,C,68,68,0,0,68,0,C,1.0,1.0
MLC3794462978,C,61,61,0,0,61,0,C,1.0,1.0
MLC3794462980,B,66,64,0,62,2,2,B,0.96875,0.96875
MLC3794462982,B,61,61,0,61,0,0,B,1.0,1.0
MLC3794462984,C,67,67,0,0,67,0,C,1.0,1.0
MLC3794462986,C,64,64,0,0,64,0,C,1.0,1.0
MLC3794462990,B,61,61,0,61,0,0,B,1.0,1.0
MLC3794462992,C,60,60,0,0,60,0,C,1.0,1.0
MLC3794462996,C,66,66,24,0,42,0,C,0.6363636363636364,0.6363636363636364
MLC3794462998,C,60,60,0,0,60,0,C,1.0,1.0
MLC3794463000,C,52,52,0,0,52,0,C,1.0,1.0
MLC3794463002,C,60,60,0,0,60,0,C,1.0,1.0
MLC3794463004,A,60,60,60,0,0,0,A,1.0,1.0
MLC3794463006,C,64,64,0,0,64,0,C,1.0,1.0
MLC3794463008,C,69,69,0,0,69,0,C,1.0,1.0
MLC3794463010,B,58,57,0,55,2,1,B,0.9649122807017544,0.9649122807017544
MLC3794463012,C,64,64,0,5,59,0,C,0.921875,0.921875
MLC3794463018,B,71,71,0,71,0,0,B,1.0,1.0
MLC3794463026,C,64,63,0,2,61,1,C,0.9682539682539683,0.9682539682539683
MLC3794463028,C,60,60,0,0,60,0,C,1.0,1.0
MLC3794463030,C,69,69,0,0,69,0,C,1.0,1.0
MLC3794463032,B,66,66,0,66,0,0,B,1.0,1.0
MLC3794463034,B,64,64,0,64,0,0,B,1.0,1.0
MLC3794463036,C,62,62,0,0,62,0,C,1.0,1.0
MLC3794463038,C,65,62,0,3,59,3,C,0.9516129032258065,0.9516129032258065
MLC3794463040,C,72,69,20,0,49,3,C,0.7101449275362319,0.7101449275362319
MLC3794463042,B,67,67,0,67,0,0,B,1.0,1.0
MLC3794463044,B,68,68,0,68,0,0,B,1.0,1.0
MLC3794463050,B,59,59,2,57,0,0,B,0.9661016949152542,0.9661016949152542
MLC3794463054,C,72,72,0,0,72,0,C,1.0,1.0
MLC3794463056,C,62,62,0,0,62,0,C,1.0,1.0
MLC3794463058,C,53,53,0,0,53,0,C,1.0,1.0
MLC3794463060,C,60,60,0,0,60,0,C,1.0,1.0
MLC3794463062,B,69,69,0,69,0,0,B,1.0,1.0
MLC3794463064,B,70,70,0,70,0,0,B,1.0,1.0
MLC3794463066,C,59,59,0,0,59,0,C,1.0,1.0
MLC3794463070,C,63,63,0,0,63,0,C,1.0,1.0
MLC3794463072,C,64,64,0,0,64,0,C,1.0,1.0
MLC3794463074,B,66,66,0,66,0,0,B,1.0,1.0
MLC3794463076,C,53,53,0,0,53,0,C,1.0,1.0
MLC3794463078,C,59,59,0,0,59,0,C,1.0,1.0
MLC3794463080,B,68,68,0,63,5,0,B,0.9264705882352942,0.9264705882352942
MLC3794463084,C,63,63,0,0,63,0,C,1.0,1.0
MLC3794463086,C,62,62,0,0,62,0,C,1.0,1.0
MLC3794463088,B,62,62,0,62,0,0,B,1.0,1.0
MLC3794463090,B,60,59,0,56,3,1,B,0.9491525423728814,0.9491525423728814
MLC3794493556,B,64,63,0,58,5,1,B,0.9206349206349206,0.9206349206349206
MLC3794493558,B,52,52,0,52,0,0,B,1.0,1.0
MLC3794493560,C,65,65,0,0,65,0,C,1.0,1.0
MLC3794493564,C,58,58,0,0,58,0,C,1.0,1.0
MLC3794493566,C,55,55,0,0,55,0,C,1.0,1.0
MLC3794493568,C,67,67,0,0,67,0,C,1.0,1.0
MLC3794493570,C,69,69,0,0,69,0,C,1.0,1.0
MLC3794493572,C,54,54,0,0,54,0,C,1.0,1.0
MLC3794493574,C,68,68,0,0,68,0,C,1.0,1.0
MLC3794493576,C,67,67,0,0,67,0,C,1.0,1.0
MLC3794493578,B,57,57,0,57,0,0,B,1.0,1.0
MLC3794493580,C,67,67,0,0,67,0,C,1.0,1.0
MLC3794493582,B,63,62,0,58,4,1,B,0.9354838709677419,0.9354838709677419
MLC3794493586,A,69,69,69,0,0,0,A,1.0,1.0
MLC3794493590,B,69,69,0,69,0,0,B,1.0,1.0
MLC3794493592,B,61,61,0,61,0,0,B,1.0,1.0
MLC3794493596,C,62,62,0,2,60,0,C,0.967741935483871,0.967741935483871
MLC3794493598,B,65,65,0,65,0,0,B,1.0,1.0
MLC3794493600,B,69,68,0,63,5,1,B,0.9264705882352942,0.9264705882352942
MLC3794493602,B,61,61,0,61,0,0,B,1.0,1.0
MLC3794493604,C,60,60,0,0,60,0,C,1.0,1.0
MLC3794493606,B,70,70,0,70,0,0,B,1.0,1.0
MLC3794493608,C,58,58,0,0,58,0,C,1.0,1.0
MLC3794493612,B,65,65,0,65,0,0,B,1.0,1.0
MLC3794493614,B,66,66,0,66,0,0,B,1.0,1.0
MLC3794493620,B,61,61,0,61,0,0,B,1.0,1.0
MLC3794493622,C,60,60,0,0,60,0,C,1.0,1.0
MLC3794493624,B,55,55,0,55,0,0,B,1.0,1.0
MLC3794493626,C,61,61,0,0,61,0,C,1.0,1.0
MLC3794493628,B,64,64,0,64,0,0,B,1.0,1.0
MLC3794493630,B,60,60,0,60,0,0,B,1.0,1.0
MLC3794493632,C,62,62,0,0,62,0,C,1.0,1.0
MLC3794493634,C,56,56,0,0,56,0,C,1.0,1.0
MLC3794493636,C,62,62,0,0,62,0,C,1.0,1.0
MLC3794493638,B,67,67,0,67,0,0,B,1.0,1.0
MLC3794493640,C,65,65,0,0,65,0,C,1.0,1.0
MLC3794493642,B,63,62,0,61,1,1,B,0.9838709677419355,0.9838709677419355
MLC3794493644,C,52,52,0,0,52,0,C,1.0,1.0
MLC3794493646,C,58,58,0,0,58,0,C,1.0,1.0
MLC3794493648,C,60,60,0,0,60,0,C,1.0,1.0
MLC3794493650,C,61,61,0,0,61,0,C,1.0,1.0
MLC3794493652,B,59,57,0,53,4,2,B,0.9298245614035088,0.9298245614035088
MLC3794493654,C,61,61,0,0,61,0,C,1.0,1.0
MLC3794493658,C,63,63,0,0,63,0,C,1.0,1.0
MLC3794506280,C,57,57,0,0,57,0,C,1.0,1.0
MLC3794506282,B,64,64,0,64,0,0,B,1.0,1.0
MLC3794506286,C,63,63,0,0,63,0,C,1.0,1.0
MLC3794506288,B,55,55,0,55,0,0,B,1.0,1.0
MLC3794506290,B,68,68,0,68,0,0,B,1.0,1.0
MLC3794506292,C,62,62,0,0,62,0,C,1.0,1.0
MLC3794506296,B,60,60,0,60,0,0,B,1.0,1.0
MLC3794506298,B,62,61,0,58,3,1,B,0.9508196721311475,0.9508196721311475
MLC3794506300,C,67,65,0,23,42,2,C,0.6461538461538462,0.6461538461538462
MLC3794506302,C,63,63,0,0,63,0,C,1.0,1.0
MLC3794506304,B,74,74,0,74,0,0,B,1.0,1.0
MLC3794506306,C,63,63,0,0,63,0,C,1.0,1.0
MLC3794506312,B,64,64,0,64,0,0,B,1.0,1.0
MLC3794506316,B,56,56,0,56,0,0,B,1.0,1.0
MLC3794506318,A,65,65,65,0,0,0,A,1.0,1.0
MLC3794506320,B,72,72,0,72,0,0,B,1.0,1.0
MLC3794506322,B,67,67,0,67,0,0,B,1.0,1.0
MLC3794506324,C,63,63,0,0,63,0,C,1.0,1.0
MLC3794506326,B,59,59,0,59,0,0,B,1.0,1.0
MLC3794506328,B,66,66,0,66,0,0,B,1.0,1.0
MLC3794506330,C,53,53,0,0,53,0,C,1.0,1.0
MLC3794506332,B,61,61,0,61,0,0,B,1.0,1.0
MLC3794506334,C,63,63,0,0,63,0,C,1.0,1.0
MLC3794506336,B,59,57,0,54,3,2,B,0.9473684210526315,0.9473684210526315
MLC3794506338,C,60,60,0,0,60,0,C,1.0,1.0
MLC3794506340,C,61,61,0,0,61,0,C,1.0,1.0
MLC3794506344,C,72,72,0,0,72,0,C,1.0,1.0
MLC3794506346,B,63,63,0,63,0,0,B,1.0,1.0
MLC3794506348,C,71,71,0,0,71,0,C,1.0,1.0
MLC3794506350,C,55,55,0,0,55,0,C,1.0,1.0
MLC3794506354,B,64,64,0,64,0,0,B,1.0,1.0
MLC3794506356,C,71,71,0,0,71,0,C,1.0,1.0
MLC3794506358,C,66,66,0,0,66,0,C,1.0,1.0
MLC3794506360,C,71,71,0,0,71,0,C,1.0,1.0
MLC3794506362,C,56,56,0,0,56,0,C,1.0,1.0
MLC3794506364,B,63,63,0,63,0,0,B,1.0,1.0
MLC3794506368,C,61,61,0,0,61,0,C,1.0,1.0
MLC3794506370,B,65,65,1,64,0,0,B,0.9846153846153847,0.9846153846153847
MLC3794506372,B,59,59,0,59,0,0,B,1.0,1.0
MLC3794506374,C,58,58,0,0,58,0,C,1.0,1.0
MLC3794506376,C,63,63,0,0,63,0,C,1.0,1.0
MLC3794506378,C,62,62,0,0,62,0,C,1.0,1.0
MLC3794506380,B,56,56,0,56,0,0,B,1.0,1.0
MLC3794506382,C,62,62,0,0,62,0,C,1.0,1.0
MLC3794506384,A,62,62,62,0,0,0,A,1.0,1.0
MLC3794506386,C,64,64,0,0,64,0,C,1.0,1.0
MLC3794517732,C,61,61,0,0,61,0,C,1.0,1.0
MLC3794517734,C,63,63,0,0,63,0,C,1.0,1.0
MLC3794517736,C,68,68,0,0,68,0,C,1.0,1.0
MLC3794517738,C,53,53,0,0,53,0,C,1.0,1.0
MLC3794517740,C,60,60,0,0,60,0,C,1.0,1.0
MLC3794517742,C,63,63,0,0,63,0,C,1.0,1.0
MLC3794517744,C,61,59,0,4,55,2,C,0.9322033898305084,0.9322033898305084
MLC3794517746,A,61,61,61,0,0,0,A,1.0,1.0
MLC3794517748,C,66,66,0,0,66,0,C,1.0,1.0
MLC3794517750,A,65,65,65,0,0,0,A,1.0,1.0
MLC3794517752,C,67,65,0,8,57,2,C,0.8769230769230769,0.8769230769230769
MLC3794517754,B,65,65,0,65,0,0,B,1.0,1.0
MLC3794517758,B,66,66,0,66,0,0,B,1.0,1.0
MLC3794517760,C,59,56,0,14,42,3,C,0.75,0.75
MLC3794517764,B,60,60,0,60,0,0,B,1.0,1.0
MLC3794517766,C,56,56,0,0,56,0,C,1.0,1.0
MLC3794517768,C,68,68,0,0,68,0,C,1.0,1.0
MLC3794517770,C,63,62,0,23,39,1,C,0.6290322580645161,0.6290322580645161
MLC3794517772,C,64,64,0,0,64,0,C,1.0,1.0
MLC3794517774,B,65,65,0,65,0,0,B,1.0,1.0
MLC3794517776,C,61,61,0,0,61,0,C,1.0,1.0
MLC3794517778,C,64,64,0,0,64,0,C,1.0,1.0
MLC3794517780,C,65,65,0,20,45,0,C,0.6923076923076923,0.6923076923076923
MLC3794517782,B,63,62,0,57,5,1,B,0.9193548387096774,0.9193548387096774
MLC3794517784,B,70,70,0,70,0,0,B,1.0,1.0
MLC3794517786,B,61,57,22,19,16,4,A,0.38596491228070173,0.3333333333333333
MLC3794517788,C,60,60,0,0,60,0,C,1.0,1.0
MLC3794517790,B,53,53,0,53,0,0,B,1.0,1.0
MLC3794517792,B,64,64,0,64,0,0,B,1.0,1.0
MLC3794517794,C,59,59,0,0,59,0,C,1.0,1.0
MLC3794517796,C,60,60,0,0,60,0,C,1.0,1.0
MLC3794517798,B,71,71,0,71,0,0,B,1.0,1.0
MLC3794517802,B,63,63,0,63,0,0,B,1.0,1.0
MLC3794517804,C,69,69,0,0,69,0,C,1.0,1.0
MLC3794517806,B,57,57,0,57,0,0,B,1.0,1.0
MLC3794517810,B,68,67,0,64,3,1,B,0.9552238805970149,0.9552238805970149
MLC3794517812,C,51,51,0,0,51,0,C,1.0,1.0
MLC3794517814,C,66,66,0,0,66,0,C,1.0,1.0
MLC3794517816,B,62,62,0,62,0,0,B,1.0,1.0
MLC3794517818,C,61,61,0,0,61,0,C,1.0,1.0
MLC3794517820,C,64,63,0,23,40,1,C,0.6349206349206349,0.6349206349206349
MLC3794517822,C,58,58,0,0,58,0,C,1.0,1.0
MLC3794517824,C,59,59,0,0,59,0,C,1.0,1.0
MLC3794517828,C,72,72,0,0,72,0,C,1.0,1.0
MLC3794517830,B,60,60,0,60,0,0,B,1.0,1.0
MLC3794517832,B,64,61,0,58,3,3,B,0.9508196721311475,0.9508196721311475
MLC3794517836,B,68,68,0,68,0,0,B,1.0,1.0
MLC3794517838,C,64,64,0,0,64,0,C,1.0,1.0
MLC3794517842,C,62,62,0,0,62,0,C,1.0,1.0
MLC3794517846,C,62,62,0,0,62,0,C,1.0,1.0
MLC3794517848,C,62,62,0,0,62,0,C,1.0,1.0
MLC3798710954,A,67,67,67,0,0,0,A,1.0,1.0
MLC3820925964,B,61,61,25,36,0,0,B,0.5901639344262295,0.5901639344262295
MLC3824539038,C,67,67,0,0,67,0,C,1.0,1.0
MLC3824556494,C,68,68,0,0,68,0,C,1.0,1.0
MLC3824629306,C,58,58,0,0,58,0,C,1.0,1.0
MLC3855241456,A,61,61,61,0,0,0,A,1.0,1.0
MLC3856837238,B,58,58,0,58,0,0,B,1.0,1.0
MLC3856837244,C,60,60,0,0,60,0,C,1.0,1.0
MLC3856837296,B,62,62,0,62,0,0,B,1.0,1.0
MLC3856837298,B,66,66,0,66,0,0,B,1.0,1.0
MLC3856837300,C,62,62,0,0,62,0,C,1.0,1.0
MLC3856837310,A,63,63,63,0,0,0,A,1.0,1.0
MLC3856837312,C,64,64,0,0,64,0,C,1.0,1.0
MLC3856837320,C,68,68,0,0,68,0,C,1.0,1.0
MLC3856850174,B,58,58,0,58,0,0,B,1.0,1.0
MLC3856850178,B,70,70,15,55,0,0,B,0.7857142857142857,0.7857142857142857
MLC3856850180,A,68,68,56,12,0,0,A,0.8235294117647058,0.8235294117647058
MLC3856850182,C,68,68,0,0,68,0,C,1.0,1.0
MLC3856850188,C,64,64,0,0,64,0,C,1.0,1.0
MLC3856850190,B,65,65,0,65,0,0,B,1.0,1.0
MLC3856850192,C,63,63,0,0,63,0,C,1.0,1.0
MLC3856850206,C,65,65,0,0,65,0,C,1.0,1.0
MLC3856850228,B,71,71,0,71,0,0,B,1.0,1.0
MLC3856850240,B,67,67,0,67,0,0,B,1.0,1.0
MLC3856850252,B,65,65,0,65,0,0,B,1.0,1.0
MLC3856850262,C,56,56,0,0,56,0,C,1.0,1.0
MLC3856871920,A,56,55,39,16,0,1,A,0.7090909090909091,0.7090909090909091
MLC3856871922,C,59,59,0,0,59,0,C,1.0,1.0
MLC3856871936,B,66,66,0,66,0,0,B,1.0,1.0
MLC3856871942,C,60,60,0,0,60,0,C,1.0,1.0
MLC3856871944,C,64,64,0,2,62,0,C,0.96875,0.96875
MLC3856871948,B,56,56,0,56,0,0,B,1.0,1.0
MLC3856871950,C,64,64,0,0,64,0,C,1.0,1.0
MLC3856871954,C,60,60,0,0,60,0,C,1.0,1.0
MLC3856871968,B,67,67,0,67,0,0,B,1.0,1.0
MLC3856871972,C,64,64,0,0,64,0,C,1.0,1.0
MLC3856871982,C,64,62,0,1,61,2,C,0.9838709677419355,0.9838709677419355
MLC3856871988,B,58,58,0,58,0,0,B,1.0,1.0
MLC3856872022,B,60,60,0,60,0,0,B,1.0,1.0
MLC3856872036,C,62,62,0,2,60,0,C,0.967741935483871,0.967741935483871
MLC3856884968,C,64,64,0,0,64,0,C,1.0,1.0
MLC3856884970,B,65,65,0,65,0,0,B,1.0,1.0
MLC3856884974,B,62,62,0,62,0,0,B,1.0,1.0
MLC3856884980,B,63,63,0,63,0,0,B,1.0,1.0
MLC3856884982,C,68,68,0,0,68,0,C,1.0,1.0
MLC3856884984,C,63,63,0,0,63,0,C,1.0,1.0
MLC3856884988,B,62,62,0,62,0,0,B,1.0,1.0
MLC3856884990,A,64,64,52,0,12,0,A,0.8125,0.8125
MLC3856884992,B,63,63,9,54,0,0,B,0.8571428571428571,0.8571428571428571
MLC3856885010,B,62,62,0,62,0,0,B,1.0,1.0
MLC3856885018,C,56,55,0,4,51,1,C,0.9272727272727272,0.9272727272727272
MLC3856885028,C,63,63,0,0,63,0,C,1.0,1.0
MLC3856885036,B,66,66,0,66,0,0,B,1.0,1.0
MLC3856885050,B,61,61,0,61,0,0,B,1.0,1.0
MLC3856885072,C,68,68,0,0,68,0,C,1.0,1.0
MLC3856885080,C,55,55,0,0,55,0,C,1.0,1.0
MLC3856885082,C,59,59,0,0,59,0,C,1.0,1.0
MLC3856897652,C,63,63,0,0,63,0,C,1.0,1.0
MLC3856897654,B,61,61,0,61,0,0,B,1.0,1.0
MLC3856897656,B,65,61,0,60,1,4,B,0.9836065573770492,0.9836065573770492
MLC3856897660,B,65,65,1,64,0,0,B,0.9846153846153847,0.9846153846153847
MLC3856897664,B,52,52,0,52,0,0,B,1.0,1.0
MLC3856897668,B,58,58,0,58,0,0,B,1.0,1.0
MLC3856897684,B,58,58,0,58,0,0,B,1.0,1.0
MLC3856897686,B,63,63,0,63,0,0,B,1.0,1.0
MLC3856897706,C,55,55,0,0,55,0,C,1.0,1.0
MLC3856897716,C,59,59,0,0,59,0,C,1.0,1.0
MLC3856897732,B,63,62,0,60,2,1,B,0.967741935483871,0.967741935483871
MLC3856897736,C,68,68,0,0,68,0,C,1.0,1.0
MLC3856897742,C,63,63,0,0,63,0,C,1.0,1.0
MLC3856897746,A,56,56,56,0,0,0,A,1.0,1.0
MLC3856897756,B,55,55,0,55,0,0,B,1.0,1.0
MLC3856897788,C,75,74,8,0,66,1,C,0.8918918918918919,0.8918918918918919
MLC3856909348,C,60,60,0,0,60,0,C,1.0,1.0
MLC3856909350,C,70,70,0,0,70,0,C,1.0,1.0
MLC3856909352,B,55,55,5,50,0,0,B,0.9090909090909091,0.9090909090909091
MLC3856909358,B,68,68,0,68,0,0,B,1.0,1.0
MLC3856909360,B,60,60,0,60,0,0,B,1.0,1.0
MLC3856909370,B,72,72,0,72,0,0,B,1.0,1.0
MLC3856909380,A,69,69,37,0,32,0,A,0.5362318840579711,0.5362318840579711
MLC3856909384,A,59,59,51,0,8,0,A,0.864406779661017,0.864406779661017
MLC3856909388,A,59,59,59,0,0,0,A,1.0,1.0
MLC3856909398,B,65,61,0,57,4,4,B,0.9344262295081968,0.9344262295081968
MLC3856909418,B,58,58,0,58,0,0,B,1.0,1.0
MLC3856909442,C,56,56,0,0,56,0,C,1.0,1.0
MLC3856909472,C,61,61,0,0,61,0,C,1.0,1.0
MLC3856909476,C,64,64,0,0,64,0,C,1.0,1.0
MLC3856922450,C,68,68,0,0,68,0,C,1.0,1.0
MLC3856922454,B,64,64,10,54,0,0,B,0.84375,0.84375
MLC3856922470,C,59,59,0,0,59,0,C,1.0,1.0
MLC3856922474,C,70,70,0,0,70,0,C,1.0,1.0
MLC3856922482,A,66,66,66,0,0,0,A,1.0,1.0
MLC3856922486,C,62,62,0,3,59,0,C,0.9516129032258065,0.9516129032258065
MLC3856922490,B,61,61,0,61,0,0,B,1.0,1.0
MLC3856922504,C,66,66,0,0,66,0,C,1.0,1.0
MLC3856922522,C,63,63,0,0,63,0,C,1.0,1.0
MLC3856922524,B,63,63,0,63,0,0,B,1.0,1.0
MLC3856922582,C,62,62,0,0,62,0,C,1.0,1.0
MLC3856935082,C,64,64,0,0,64,0,C,1.0,1.0
MLC3856935086,C,64,64,0,0,64,0,C,1.0,1.0
MLC3856935088,C,61,60,0,2,58,1,C,0.9666666666666667,0.9666666666666667
MLC3856935092,C,62,62,0,0,62,0,C,1.0,1.0
MLC3856935094,C,59,59,0,0,59,0,C,1.0,1.0
MLC3856935100,C,62,62,0,0,62,0,C,1.0,1.0
MLC3856935110,C,63,63,0,0,63,0,C,1.0,1.0
MLC3856935118,B,62,62,0,62,0,0,B,1.0,1.0
MLC3856935122,C,72,72,0,2,70,0,C,0.9722222222222222,0.9722222222222222
MLC3856935124,B,74,74,0,74,0,0,B,1.0,1.0
MLC3856935126,C,62,62,0,0,62,0,C,1.0,1.0
MLC3856935128,C,64,64,0,0,64,0,C,1.0,1.0
MLC3856935140,C,66,66,0,0,66,0,C,1.0,1.0
MLC3856935146,C,62,62,0,0,62,0,C,1.0,1.0
MLC3856935166,C,64,64,0,0,64,0,C,1.0,1.0
MLC3856935170,B,60,60,0,60,0,0,B,1.0,1.0
MLC3856935172,C,67,67,0,0,67,0,C,1.0,1.0
MLC3856935196,B,62,60,0,54,6,2,B,0.9,0.9
MLC3856935212,C,59,59,0,0,59,0,C,1.0,1.0
MLC3856943700,B,73,73,0,73,0,0,B,1.0,1.0
MLC3856943702,B,67,67,0,67,0,0,B,1.0,1.0
MLC3856943708,A,71,71,71,0,0,0,A,1.0,1.0
MLC3856943710,B,73,73,0,73,0,0,B,1.0,1.0
MLC3856943716,C,55,55,0,0,55,0,C,1.0,1.0
MLC3856943730,B,67,67,4,63,0,0,B,0.9402985074626866,0.9402985074626866
MLC3856943734,C,58,58,0,0,58,0,C,1.0,1.0
MLC3856943750,C,61,61,0,0,61,0,C,1.0,1.0
MLC3856943782,B,61,61,0,61,0,0,B,1.0,1.0
MLC3856943792,C,62,62,0,0,62,0,C,1.0,1.0
MLC3856943800,C,64,64,0,0,64,0,C,1.0,1.0
MLC3856943802,C,72,72,0,0,72,0,C,1.0,1.0
MLC3856943812,C,56,56,0,0,56,0,C,1.0,1.0
MLC3856943820,B,59,59,0,59,0,0,B,1.0,1.0
MLC3856956648,B,66,66,3,63,0,0,B,0.9545454545454546,0.9545454545454546
MLC3856956650,C,60,60,0,0,60,0,C,1.0,1.0
MLC3856956654,C,64,64,0,0,64,0,C,1.0,1.0
MLC3856956674,C,66,66,0,0,66,0,C,1.0,1.0
MLC3856956676,B,65,65,0,65,0,0,B,1.0,1.0
MLC3856956688,A,65,65,56,0,9,0,A,0.8615384615384616,0.8615384615384616
MLC3856956690,C,62,62,0,0,62,0,C,1.0,1.0
MLC3856956722,C,61,61,0,0,61,0,C,1.0,1.0
MLC3856956764,B,62,62,0,62,0,0,B,1.0,1.0
MLC3856969738,C,67,67,0,0,67,0,C,1.0,1.0
MLC3856969750,C,64,64,0,0,64,0,C,1.0,1.0
MLC3856969768,C,57,57,0,0,57,0,C,1.0,1.0
MLC3856969828,B,68,68,0,68,0,0,B,1.0,1.0
MLC3936734218,C,59,59,0,0,59,0,C,1.0,1.0
MLC3936773372,C,63,63,0,0,63,0,C,1.0,1.0
MLC3936773374,A,57,57,57,0,0,0,A,1.0,1.0
MLC3945379858,A,69,69,69,0,0,0,A,1.0,1.0
MLC3945446488,A,63,63,63,0,0,0,A,1.0,1.0
MLC3945752680,A,54,54,54,0,0,0,A,1.0,1.0
MLC3945754710,A,62,62,62,0,0,0,A,1.0,1.0
MLC3945755342,C,61,61,0,0,61,0,C,1.0,1.0
MLC3946823992,C,69,67,8,0,59,2,C,0.8805970149253731,0.8805970149253731
MLC3951882858,C,58,58,0,0,58,0,C,1.0,1.0
MLC3960430484,A,62,61,58,0,3,1,A,0.9508196721311475,0.9508196721311475
MLC3960455936,A,62,62,62,0,0,0,A,1.0,1.0
MLC3964323930,A,62,62,62,0,0,0,A,1.0,1.0
MLC3964479062,C,74,74,0,0,74,0,C,1.0,1.0
MLC3965075234,A,58,58,58,0,0,0,A,1.0,1.0
MLC3968076530,A,60,60,60,0,0,0,A,1.0,1.0
MLC3968095692,A,69,69,69,0,0,0,A,1.0,1.0
MLC3994367164,C,63,63,0,0,63,0,C,1.0,1.0
MLC4029203790,B,65,65,0,65,0,0,B,1.0,1.0
MLC4029205684,A,62,62,62,0,0,0,A,1.0,1.0
MLC4029229406,A,65,65,62,0,3,0,A,0.9538461538461539,0.9538461538461539
MLC4029242122,A,69,69,69,0,0,0,A,1.0,1.0
MLC4031342472,B,66,66,1,65,0,0,B,0.9848484848484849,0.9848484848484849
MLC4031965378,C,65,65,8,0,57,0,C,0.8769230769230769,0.8769230769230769
MLC4031978584,A,66,66,66,0,0,0,A,1.0,1.0
MLC4032146998,A,63,63,63,0,0,0,A,1.0,1.0
