id_ejecucion,servicio,endpoint,publicaciones,repeticion,http_status,latencia_total_s,tiempo_interno_s,publicaciones_por_segundo,memoria_base_mb,memoria_pico_mb,incremento_memoria_mb,conteo_A,conteo_B,conteo_C,iteraciones,inercia,silueta
services-performance-20260807T012830226406Z-d0b73d1298,clasificacion,/api/clasificar,20,1,200,0.2053712,,97.384638,159.492,159.539,0.047,4,6,10,2,32.229339445338184,0.27746150456205065
services-performance-20260807T012830226406Z-d0b73d1298,clasificacion,/api/clasificar,20,2,200,0.2780633,,71.926069,159.539,159.57,0.031,4,6,10,2,32.229339445338184,0.27746150456205065
services-performance-20260807T012830226406Z-d0b73d1298,clasificacion,/api/clasificar,20,3,200,0.222439,,89.912291,159.57,159.59,0.02,4,6,10,2,32.229339445338184,0.27746150456205065
services-performance-20260807T012830226406Z-d0b73d1298,clasificacion,/api/clasificar,20,4,200,0.2506778,,79.78369,159.59,159.617,0.027,4,6,10,2,32.229339445338184,0.27746150456205065
services-performance-20260807T012830226406Z-d0b73d1298,clasificacion,/api/clasificar,20,5,200,0.2132223,,93.798819,159.617,159.648,0.031,4,6,10,2,32.229339445338184,0.27746150456205065
services-performance-20260807T012830226406Z-d0b73d1298,clasificacion,/api/clasificar,20,6,200,0.3407444,,58.695022,159.648,159.656,0.008,4,6,10,2,32.229339445338184,0.27746150456205065
services-performance-20260807T012830226406Z-d0b73d1298,clasificacion,/api/clasificar,20,7,200,0.7250398,,27.584693,159.656,159.664,0.008,4,6,10,2,32.229339445338184,0.27746150456205065
services-performance-20260807T012830226406Z-d0b73d1298,clasificacion,/api/clasificar,20,8,200,0.2507382,,79.764471,159.664,159.664,0.0,4,6,10,2,32.229339445338184,0.27746150456205065
services-performance-20260807T012830226406Z-d0b73d1298,clasificacion,/api/clasificar,20,9,200,0.2030664,,98.489952,159.664,159.672,0.008,4,6,10,2,32.229339445338184,0.27746150456205065
services-performance-20260807T012830226406Z-d0b73d1298,clasificacion,/api/clasificar,20,10,200,0.2858401,,69.969189,159.672,159.676,0.004,4,6,10,2,32.229339445338184,0.27746150456205065
services-performance-20260807T012830226406Z-d0b73d1298,clasificacion,/api/clasificar,50,1,200,0.6459929,,77.400231,159.75,159.785,0.035,10,15,25,4,85.84150512897398,0.2955722414054087
services-performance-20260807T012830226406Z-d0b73d1298,clasificacion,/api/clasificar,50,2,200,0.6782487,,73.719271,159.785,159.785,0.0,10,15,25,4,85.84150512897398,0.2955722414054087
services-performance-20260807T012830226406Z-d0b73d1298,clasificacion,/api/clasificar,50,3,200,0.688702,,72.600341,159.785,159.785,0.0,10,15,25,4,85.84150512897398,0.2955722414054087
services-performance-20260807T012830226406Z-d0b73d1298,clasificacion,/api/clasificar,50,4,200,0.4288986,,116.577671,159.785,159.785,0.0,10,15,25,4,85.84150512897398,0.2955722414054087
services-performance-20260807T012830226406Z-d0b73d1298,clasificacion,/api/clasificar,50,5,200,0.4407283,,113.44858,159.785,159.785,0.0,10,15,25,4,85.84150512897398,0.2955722414054087
services-performance-20260807T012830226406Z-d0b73d1298,clasificacion,/api/clasificar,50,6,200,0.3541706,,141.174903,159.785,159.785,0.0,10,15,25,4,85.84150512897398,0.2955722414054087
services-performance-20260807T012830226406Z-d0b73d1298,clasificacion,/api/clasificar,50,7,200,0.6520446,,76.681871,159.785,159.785,0.0,10,15,25,4,85.84150512897398,0.2955722414054087
services-performance-20260807T012830226406Z-d0b73d1298,clasificacion,/api/clasificar,50,8,200,0.4659123,,107.316334,159.785,159.785,0.0,10,15,25,4,85.84150512897398,0.2955722414054087
services-performance-20260807T012830226406Z-d0b73d1298,clasificacion,/api/clasificar,50,9,200,0.3715183,,134.582872,159.785,159.785,0.0,10,15,25,4,85.84150512897398,0.2955722414054087
services-performance-20260807T012830226406Z-d0b73d1298,clasificacion,/api/clasificar,50,10,200,0.6730557,,74.288057,159.785,159.785,0.0,10,15,25,4,85.84150512897398,0.2955722414054087
services-performance-20260807T012830226406Z-d0b73d1298,clasificacion,/api/clasificar,100,1,200,0.9631208,,103.829135,160.062,160.07,0.008,20,30,50,3,179.06272005244122,0.29760335004172406
services-performance-20260807T012830226406Z-d0b73d1298,clasificacion,/api/clasificar,100,2,200,0.5718833,,174.86085,160.07,160.086,0.016,20,30,50,3,179.06272005244122,0.29760335004172406
services-performance-20260807T012830226406Z-d0b73d1298,clasificacion,/api/clasificar,100,3,200,0.6368651,,157.019124,160.086,160.102,0.016,20,30,50,3,179.06272005244122,0.29760335004172406
services-performance-20260807T012830226406Z-d0b73d1298,clasificacion,/api/clasificar,100,4,200,0.5919356,,168.937297,160.102,160.102,0.0,20,30,50,3,179.06272005244122,0.29760335004172406
services-performance-20260807T012830226406Z-d0b73d1298,clasificacion,/api/clasificar,100,5,200,0.6181421,,161.7751,160.102,160.105,0.004,20,30,50,3,179.06272005244122,0.29760335004172406
services-performance-20260807T012830226406Z-d0b73d1298,clasificacion,/api/clasificar,100,6,200,0.6250991,,159.974634,160.105,160.105,0.0,20,30,50,3,179.06272005244122,0.29760335004172406
services-performance-20260807T012830226406Z-d0b73d1298,clasificacion,/api/clasificar,100,7,200,0.5658075,,176.738555,160.105,160.168,0.062,20,30,50,3,179.06272005244122,0.29760335004172406
services-performance-20260807T012830226406Z-d0b73d1298,clasificacion,/api/clasificar,100,8,200,0.6185061,,161.679893,160.168,160.168,0.0,20,30,50,3,179.06272005244122,0.29760335004172406
services-performance-20260807T012830226406Z-d0b73d1298,clasificacion,/api/clasificar,100,9,200,1.1511856,,86.866966,160.168,160.168,0.0,20,30,50,3,179.06272005244122,0.29760335004172406
services-performance-20260807T012830226406Z-d0b73d1298,clasificacion,/api/clasificar,100,10,200,0.6332403,,157.917934,160.168,160.168,0.0,20,30,50,3,179.06272005244122,0.29760335004172406
services-performance-20260807T012830226406Z-d0b73d1298,clasificacion,/api/clasificar,250,1,200,1.2940302,,193.194873,161.453,161.922,0.469,50,75,125,7,396.59344096606713,0.3553051086445327
services-performance-20260807T012830226406Z-d0b73d1298,clasificacion,/api/clasificar,250,2,200,1.4065033,,177.745761,161.922,161.922,0.0,50,75,125,7,396.59344096606713,0.3553051086445327
services-performance-20260807T012830226406Z-d0b73d1298,clasificacion,/api/clasificar,250,3,200,0.9824601,,254.46326,161.922,161.922,0.0,50,75,125,7,396.59344096606713,0.3553051086445327
services-performance-20260807T012830226406Z-d0b73d1298,clasificacion,/api/clasificar,250,4,200,1.2368082,,202.133201,161.922,161.922,0.0,50,75,125,7,396.59344096606713,0.3553051086445327
services-performance-20260807T012830226406Z-d0b73d1298,clasificacion,/api/clasificar,250,5,200,1.6456678,,151.914013,161.922,161.922,0.0,50,75,125,7,396.59344096606713,0.3553051086445327
services-performance-20260807T012830226406Z-d0b73d1298,clasificacion,/api/clasificar,250,6,200,1.2879596,,194.105467,161.922,161.922,0.0,50,75,125,7,396.59344096606713,0.3553051086445327
services-performance-20260807T012830226406Z-d0b73d1298,clasificacion,/api/clasificar,250,7,200,1.0142731,,246.481939,161.922,161.984,0.062,50,75,125,7,396.59344096606713,0.3553051086445327
services-performance-20260807T012830226406Z-d0b73d1298,clasificacion,/api/clasificar,250,8,200,0.9882337,,252.976599,161.984,161.984,0.0,50,75,125,7,396.59344096606713,0.3553051086445327
services-performance-20260807T012830226406Z-d0b73d1298,clasificacion,/api/clasificar,250,9,200,1.052308,,237.57303,161.93,161.93,0.0,50,75,125,7,396.59344096606713,0.3553051086445327
services-performance-20260807T012830226406Z-d0b73d1298,clasificacion,/api/clasificar,250,10,200,1.1196883,,223.276424,161.93,161.93,0.0,50,75,125,7,396.59344096606713,0.3553051086445327
services-performance-20260807T012830226406Z-d0b73d1298,clasificacion,/api/clasificar,500,1,200,1.7036497,,293.487564,162.652,166.473,3.82,100,150,250,5,813.9074062140483,0.3692467300612786
services-performance-20260807T012830226406Z-d0b73d1298,clasificacion,/api/clasificar,500,2,200,1.7380306,,287.681931,162.68,166.5,3.82,100,150,250,5,813.9074062140483,0.3692467300612786
services-performance-20260807T012830226406Z-d0b73d1298,clasificacion,/api/clasificar,500,3,200,1.7682385,,282.767285,162.695,166.516,3.82,100,150,250,5,813.9074062140483,0.3692467300612786
services-performance-20260807T012830226406Z-d0b73d1298,clasificacion,/api/clasificar,500,4,200,1.775465,,281.616365,162.699,166.52,3.82,100,150,250,5,813.9074062140483,0.3692467300612786
services-performance-20260807T012830226406Z-d0b73d1298,clasificacion,/api/clasificar,500,5,200,1.8720014,,267.093817,162.699,166.52,3.82,100,150,250,5,813.9074062140483,0.3692467300612786
services-performance-20260807T012830226406Z-d0b73d1298,clasificacion,/api/clasificar,500,6,200,1.7364717,,287.940195,162.703,166.523,3.82,100,150,250,5,813.9074062140483,0.3692467300612786
services-performance-20260807T012830226406Z-d0b73d1298,clasificacion,/api/clasificar,500,7,200,2.1714885,,230.256803,162.719,166.539,3.82,100,150,250,5,813.9074062140483,0.3692467300612786
services-performance-20260807T012830226406Z-d0b73d1298,clasificacion,/api/clasificar,500,8,200,2.2431526,,222.900573,162.719,166.539,3.82,100,150,250,5,813.9074062140483,0.3692467300612786
services-performance-20260807T012830226406Z-d0b73d1298,clasificacion,/api/clasificar,500,9,200,1.691641,,295.570987,162.719,166.539,3.82,100,150,250,5,813.9074062140483,0.3692467300612786
services-performance-20260807T012830226406Z-d0b73d1298,clasificacion,/api/clasificar,500,10,200,1.8863357,,265.064166,162.723,166.543,3.82,100,150,250,5,813.9074062140483,0.3692467300612786
services-performance-20260807T012830226406Z-d0b73d1298,clasificacion,/api/clasificar,832,1,200,6.4411828,,129.168823,163.441,174.012,10.57,166,250,416,9,1345.1494045682039,0.370716590316574
services-performance-20260807T012830226406Z-d0b73d1298,clasificacion,/api/clasificar,832,2,200,6.6790484,,124.568644,163.473,174.043,10.57,166,250,416,9,1345.1494045682039,0.370716590316574
services-performance-20260807T012830226406Z-d0b73d1298,clasificacion,/api/clasificar,832,3,200,5.9937668,,138.810873,163.473,174.043,10.57,166,250,416,9,1345.1494045682039,0.370716590316574
services-performance-20260807T012830226406Z-d0b73d1298,clasificacion,/api/clasificar,832,4,200,6.3542469,,130.936052,163.477,174.055,10.578,166,250,416,9,1345.1494045682039,0.370716590316574
services-performance-20260807T012830226406Z-d0b73d1298,clasificacion,/api/clasificar,832,5,200,6.5582833,,126.862467,163.484,174.055,10.57,166,250,416,9,1345.1494045682039,0.370716590316574
services-performance-20260807T012830226406Z-d0b73d1298,clasificacion,/api/clasificar,832,6,200,11.2246826,,74.122363,163.484,174.055,10.57,166,250,416,9,1345.1494045682039,0.370716590316574
services-performance-20260807T012830226406Z-d0b73d1298,clasificacion,/api/clasificar,832,7,200,6.66333,,124.862494,163.484,174.055,10.57,166,250,416,9,1345.1494045682039,0.370716590316574
services-performance-20260807T012830226406Z-d0b73d1298,clasificacion,/api/clasificar,832,8,200,6.5482628,,127.056599,163.457,174.027,10.57,166,250,416,9,1345.1494045682039,0.370716590316574
services-performance-20260807T012830226406Z-d0b73d1298,clasificacion,/api/clasificar,832,9,200,5.9003866,,141.00771,163.461,174.031,10.57,166,250,416,9,1345.1494045682039,0.370716590316574
services-performance-20260807T012830226406Z-d0b73d1298,clasificacion,/api/clasificar,832,10,200,6.9980822,,118.889715,163.469,174.039,10.57,166,250,416,9,1345.1494045682039,0.370716590316574
