publication_id,ventas_30d,visitas_30d,precio_actual,valor_transado,score_inicial,categoria_score,categoria_ss_ekmeans,coincide
MLC1878041405,0,1,19999.000000,0.000000,0.307952,C,C,True
MLC1878053449,0,2,19999.000000,0.000000,0.378359,B,C,False
MLC1878053659,0,2,19999.000000,0.000000,0.378359,B,C,False
MLC1878076597,0,7,19999.000000,0.000000,0.548674,B,A,False
MLC1878076599,0,16,19999.000000,0.000000,0.679563,A,A,True
MLC1878076601,0,8,39999.000000,0.000000,0.819099,A,B,False
MLC1878110373,1,51,4999.000000,4999.000000,0.975288,A,A,True
MLC1878110375,1,3,4999.000000,4999.000000,0.529899,B,A,False
MLC1878110377,0,2,9999.000000,0.000000,0.253373,C,C,True
MLC1878110379,4,71,9999.000000,39996.000000,1.476412,A,A,True
MLC1878110381,0,0,4999.000000,0.000000,0.000112,C,C,True
MLC1878110383,0,23,19999.000000,0.000000,0.739442,A,A,True
MLC1878110385,1,17,9999.000000,9999.000000,0.853567,A,A,True
MLC1880283597,0,1,4999.000000,0.000000,0.120473,C,C,True
MLC1880286743,0,18,19999.000000,0.000000,0.698876,A,A,True
MLC1882021595,0,7,19999.000000,0.000000,0.548674,B,A,False
MLC1882021597,2,50,12420.000000,24840.000000,1.233760,A,A,True
MLC1882021599,0,3,10999.000000,0.000000,0.315826,C,C,True
MLC1882021611,0,77,34990.000000,0.000000,1.131475,A,A,True
MLC1882033427,0,2,4999.000000,0.000000,0.190880,C,C,True
MLC1882033435,6,316,44999.000000,269994.000000,2.311564,A,A,True
MLC1882033437,2,84,9999.000000,19998.000000,1.292203,A,A,True
MLC1882033445,2,94,19999.000000,39998.000000,1.436503,A,A,True
MLC1882039995,0,2,9999.000000,0.000000,0.253373,C,C,True
MLC1882039997,1,3,4999.000000,4999.000000,0.529899,B,A,False
MLC1882039999,0,1,4999.000000,0.000000,0.120473,C,C,True
MLC1882040001,0,24,12999.000000,0.000000,0.659040,A,A,True
MLC1882040003,0,7,9999.000000,0.000000,0.423688,B,A,False
MLC1882040007,1,64,19999.000000,19999.000000,1.201514,A,A,True
MLC1887635501,0,0,29999.000000,0.000000,0.312577,C,B,False
MLC1887635513,0,1,29999.000000,0.000000,0.432938,B,B,True
MLC1887635515,0,0,19999.000000,0.000000,0.187591,C,C,True
MLC1887635523,0,0,9999.000000,0.000000,0.062605,C,C,True
MLC1887635537,0,0,29999.000000,0.000000,0.312577,C,B,False
MLC1887635545,0,2,34999.000000,0.000000,0.565838,B,B,True
MLC1887635547,0,1,9999.000000,0.000000,0.182966,C,C,True
MLC1887635621,0,14,19999.000000,0.000000,0.657829,A,A,True
MLC1887635635,0,1,39999.000000,0.000000,0.557924,B,B,True
MLC1887635641,0,2,29999.000000,0.000000,0.503345,B,B,True
MLC1887635665,0,0,24999.000000,0.000000,0.250084,C,C,True
MLC1887635713,0,20,9999.000000,0.000000,0.591269,B,A,False
MLC1887635715,0,0,24999.000000,0.000000,0.250084,C,C,True
MLC1887635717,0,0,19999.000000,0.000000,0.187591,C,C,True
MLC1887635749,0,0,29999.000000,0.000000,0.312577,C,B,False
MLC1887635797,0,20,19999.000000,0.000000,0.716255,A,A,True
MLC1887672061,0,1,39999.000000,0.000000,0.557924,B,B,True
MLC1887672065,0,1,9999.000000,0.000000,0.182966,C,C,True
MLC1887672069,0,0,19999.000000,0.000000,0.187591,C,C,True
MLC1887672071,0,13,29999.000000,0.000000,0.770834,A,A,True
MLC1887672081,0,7,29999.000000,0.000000,0.673660,A,A,True
MLC1887672083,0,1,34999.000000,0.000000,0.495431,B,B,True
MLC1887672095,0,0,9999.000000,0.000000,0.062605,C,C,True
MLC1887672099,0,3,19999.000000,0.000000,0.428313,B,A,False
MLC1887672105,0,0,14999.000000,0.000000,0.125098,C,C,True
MLC1887672107,0,3,24999.000000,0.000000,0.490806,B,A,False
MLC1887672117,0,0,19999.000000,0.000000,0.187591,C,C,True
MLC1887672185,0,1,39999.000000,0.000000,0.557924,B,B,True
MLC1887672199,0,14,39999.000000,0.000000,0.907801,A,A,True
MLC1887672231,0,5,59999.000000,0.000000,0.998664,A,B,False
MLC1887672241,0,3,29999.000000,0.000000,0.553299,B,B,True
MLC1887672271,0,4,19999.000000,0.000000,0.467061,B,A,False
MLC1887672289,0,2,34999.000000,0.000000,0.565838,B,B,True
MLC1887672301,0,1,9999.000000,0.000000,0.182966,C,C,True
MLC1887672303,0,1,19999.000000,0.000000,0.307952,C,C,True
MLC1887672331,0,1,34999.000000,0.000000,0.495431,B,B,True
MLC1887672347,0,1,19999.000000,0.000000,0.307952,C,C,True
MLC1887672361,0,3,19999.000000,0.000000,0.428313,B,A,False
MLC1887672401,0,5,9999.000000,0.000000,0.373734,B,A,False
MLC1887685131,0,2,19999.000000,0.000000,0.378359,B,C,False
MLC1887685133,0,1,9999.000000,0.000000,0.182966,C,C,True
MLC1887685147,0,0,29999.000000,0.000000,0.312577,C,B,False
MLC1887685149,0,3,24999.000000,0.000000,0.490806,B,B,True
MLC1887685155,0,1,19999.000000,0.000000,0.307952,C,C,True
MLC1887685193,0,2,24999.000000,0.000000,0.440852,B,C,False
MLC1887685199,0,0,24999.000000,0.000000,0.250084,C,C,True
MLC1887685201,0,5,19999.000000,0.000000,0.498720,B,A,False
MLC1887685211,0,1,29999.000000,0.000000,0.432938,B,B,True
MLC1887685235,0,8,34999.000000,0.000000,0.756606,A,A,True
MLC1887685255,0,0,9999.000000,0.000000,0.062605,C,C,True
MLC1887685299,0,0,59999.000000,0.000000,0.687535,A,B,False
MLC1887685309,0,0,24999.000000,0.000000,0.250084,C,C,True
MLC1887685339,0,0,19999.000000,0.000000,0.187591,C,C,True
MLC1887685345,0,8,29999.000000,0.000000,0.694113,A,A,True
MLC1887685357,0,0,19999.000000,0.000000,0.187591,C,C,True
MLC1887685371,0,0,39999.000000,0.000000,0.437563,B,B,True
MLC1887685373,0,2,19999.000000,0.000000,0.378359,B,C,False
MLC1887685399,0,1,19999.000000,0.000000,0.307952,C,C,True
MLC1887685433,0,1,19999.000000,0.000000,0.307952,C,C,True
MLC1887685437,0,0,24999.000000,0.000000,0.250084,C,C,True
MLC1887685447,0,1,19999.000000,0.000000,0.307952,C,C,True
MLC1887685457,0,2,9999.000000,0.000000,0.253373,C,C,True
MLC1887698031,0,1,34999.000000,0.000000,0.495431,B,B,True
MLC1887698041,0,1,19999.000000,0.000000,0.307952,C,C,True
MLC1887698049,0,5,39999.000000,0.000000,0.748692,A,B,False
MLC1887698051,0,1,19999.000000,0.000000,0.307952,C,C,True
MLC1887698053,0,0,24999.000000,0.000000,0.250084,C,C,True
MLC1887698057,0,0,19999.000000,0.000000,0.187591,C,C,True
MLC1887698065,0,0,29999.000000,0.000000,0.312577,C,B,False
MLC1887698083,0,0,19999.000000,0.000000,0.187591,C,C,True
MLC1887698113,0,2,14999.000000,0.000000,0.315866,C,C,True
MLC1887698115,0,0,34999.000000,0.000000,0.375070,B,B,True
MLC1887698129,0,2,19999.000000,0.000000,0.378359,B,C,False
MLC1887698135,0,3,19999.000000,0.000000,0.428313,B,C,False
MLC1887698147,0,3,19999.000000,0.000000,0.428313,B,C,False
MLC1887698153,0,1,29999.000000,0.000000,0.432938,B,B,True
MLC1887698157,0,0,9999.000000,0.000000,0.062605,C,C,True
MLC1887698165,0,1,9999.000000,0.000000,0.182966,C,C,True
MLC1887698193,0,0,9999.000000,0.000000,0.062605,C,C,True
MLC1887698237,0,5,39999.000000,0.000000,0.748692,A,B,False
MLC1887698239,0,1,19999.000000,0.000000,0.307952,C,C,True
MLC1887698261,0,1,19999.000000,0.000000,0.307952,C,C,True
MLC1887698275,0,0,9999.000000,0.000000,0.062605,C,C,True
MLC1887698283,2,43,29999.000000,59998.000000,1.427837,A,A,True
MLC1887698287,0,1,29999.000000,0.000000,0.432938,B,B,True
MLC1887698303,0,0,9999.000000,0.000000,0.062605,C,C,True
MLC1887698327,0,5,19999.000000,0.000000,0.498720,B,A,False
MLC1887710743,0,5,19999.000000,0.000000,0.498720,B,A,False
MLC1887710745,0,3,24999.000000,0.000000,0.490806,B,B,True
MLC1887710771,0,1,19999.000000,0.000000,0.307952,C,C,True
MLC1887710777,0,1,24999.000000,0.000000,0.370445,B,C,False
MLC1887710779,0,1,19999.000000,0.000000,0.307952,C,C,True
MLC1887710793,0,0,9999.000000,0.000000,0.062605,C,C,True
MLC1887710799,1,6,19999.000000,19999.000000,0.814552,A,A,True
MLC1887710809,0,0,19999.000000,0.000000,0.187591,C,C,True
MLC1887710873,0,5,29999.000000,0.000000,0.623706,A,A,True
MLC1887710903,0,1,21999.000000,0.000000,0.332950,C,C,True
MLC1887710915,0,0,9999.000000,0.000000,0.062605,C,C,True
MLC1887710927,0,0,9999.000000,0.000000,0.062605,C,C,True
MLC1887710933,0,2,19999.000000,0.000000,0.378359,B,C,False
MLC1887710949,0,3,39999.000000,0.000000,0.678285,A,B,False
MLC1887710955,1,18,19999.000000,19999.000000,0.987941,A,A,True
MLC1887710957,0,0,24999.000000,0.000000,0.250084,C,C,True
MLC1887711015,0,0,9999.000000,0.000000,0.062605,C,C,True
MLC1887711019,0,1,19999.000000,0.000000,0.307952,C,C,True
MLC1887711079,0,4,19999.000000,0.000000,0.467061,B,A,False
MLC1887757141,0,1,9999.000000,0.000000,0.182966,C,C,True
MLC1887757147,0,13,19999.000000,0.000000,0.645848,A,A,True
MLC1887757149,0,4,19999.000000,0.000000,0.467061,B,A,False
MLC1887757167,0,1,19999.000000,0.000000,0.307952,C,C,True
MLC1887757203,0,2,19999.000000,0.000000,0.378359,B,C,False
MLC1887757249,0,1,9999.000000,0.000000,0.182966,C,C,True
MLC1887757303,0,0,19999.000000,0.000000,0.187591,C,C,True
MLC1887757329,0,0,9999.000000,0.000000,0.062605,C,C,True
MLC1887757337,0,1,22999.000000,0.000000,0.345448,C,C,True
MLC1887757339,0,0,24999.000000,0.000000,0.250084,C,C,True
MLC1887757351,0,5,19999.000000,0.000000,0.498720,B,A,False
MLC1887757355,0,1,19999.000000,0.000000,0.307952,C,C,True
MLC1887757415,0,1,9999.000000,0.000000,0.182966,C,C,True
MLC1887757429,0,0,19999.000000,0.000000,0.187591,C,C,True
MLC1887757431,0,1,19999.000000,0.000000,0.307952,C,C,True
MLC1887757439,0,2,9999.000000,0.000000,0.253373,C,C,True
MLC1887757445,1,3,9999.000000,9999.000000,0.592392,B,A,False
MLC1887757469,0,2,9999.000000,0.000000,0.253373,C,C,True
MLC1887757473,0,8,29999.000000,0.000000,0.694113,A,A,True
MLC1887757475,0,3,19999.000000,0.000000,0.428313,B,A,False
MLC1892216729,1,5,4999.000000,4999.000000,0.600306,A,A,True
MLC1892228723,2,16,4999.000000,9998.000000,0.950241,A,A,True
MLC1898810311,0,4,24999.000000,0.000000,0.529554,B,A,False
MLC1898810313,0,0,39999.000000,0.000000,0.437563,B,B,True
MLC1898810315,0,2,19999.000000,0.000000,0.378359,B,C,False
MLC1898810317,0,0,44999.000000,0.000000,0.500056,B,B,True
MLC1898810319,0,1,39999.000000,0.000000,0.557924,B,B,True
MLC1898810323,0,1,39999.000000,0.000000,0.557924,B,B,True
MLC1898810325,0,0,24999.000000,0.000000,0.250084,C,C,True
MLC1898810327,0,0,19999.000000,0.000000,0.187591,C,C,True
MLC1898810329,0,1,24999.000000,0.000000,0.370445,B,C,False
MLC1898810331,0,7,44999.000000,0.000000,0.861139,A,B,False
MLC1898810337,0,9,49999.000000,0.000000,0.962380,A,B,False
MLC1898810339,0,1,29999.000000,0.000000,0.432938,B,B,True
MLC1898810341,0,0,19999.000000,0.000000,0.187591,C,C,True
MLC1898810345,0,0,29999.000000,0.000000,0.312577,C,B,False
MLC1898810347,0,2,34999.000000,0.000000,0.565838,B,B,True
MLC1898810349,0,2,24999.000000,0.000000,0.440852,B,C,False
MLC1898810353,0,1,24999.000000,0.000000,0.370445,B,C,False
MLC1898810355,0,0,43999.000000,0.000000,0.487558,B,B,True
MLC1898810359,0,1,19999.000000,0.000000,0.307952,C,C,True
MLC1898810361,0,5,29999.000000,0.000000,0.623706,A,A,True
MLC1898810363,0,0,9999.000000,0.000000,0.062605,C,C,True
MLC1898810365,0,1,19999.000000,0.000000,0.307952,C,C,True
MLC1898810367,0,5,19999.000000,0.000000,0.498720,B,A,False
MLC1898810369,0,0,34999.000000,0.000000,0.375070,B,B,True
MLC1898810373,0,3,34999.000000,0.000000,0.615792,A,B,False
MLC1898810375,0,0,9999.000000,0.000000,0.062605,C,C,True
MLC1898810377,0,0,19999.000000,0.000000,0.187591,C,C,True
MLC1898810379,0,0,39999.000000,0.000000,0.437563,B,B,True
MLC1898810381,0,1,24999.000000,0.000000,0.370445,B,C,False
MLC1898810383,0,3,39999.000000,0.000000,0.678285,A,B,False
MLC1898810385,0,8,39999.000000,0.000000,0.819099,A,B,False
MLC1898810387,1,6,19999.000000,19999.000000,0.814552,A,A,True
MLC1898810389,0,16,19999.000000,0.000000,0.679563,A,A,True
MLC1898810391,0,0,14999.000000,0.000000,0.125098,C,C,True
MLC1898810393,0,0,34999.000000,0.000000,0.375070,B,B,True
MLC1898810395,0,0,29999.000000,0.000000,0.312577,C,B,False
MLC1898810397,0,0,19999.000000,0.000000,0.187591,C,C,True
MLC1898810399,0,4,24999.000000,0.000000,0.529554,B,A,False
MLC1898810401,0,0,19999.000000,0.000000,0.187591,C,C,True
MLC1898810403,0,1,39999.000000,0.000000,0.557924,B,B,True
MLC1898810405,0,3,29999.000000,0.000000,0.553299,B,B,True
MLC1898810407,0,1,19999.000000,0.000000,0.307952,C,C,True
MLC1898810409,0,0,39999.000000,0.000000,0.437563,B,B,True
MLC1898810411,0,2,34999.000000,0.000000,0.565838,B,B,True
MLC1898810413,0,0,14999.000000,0.000000,0.125098,C,C,True
MLC1908462665,0,99,69999.000000,0.000000,1.612182,A,B,False
MLC1908468347,1,107,39999.000000,39999.000000,1.539653,A,A,True
MLC1908468349,0,66,74999.000000,0.000000,1.605135,A,B,False
MLC1908478659,0,80,84999.000000,0.000000,1.763071,A,B,False
MLC1919340747,0,7,9999.000000,0.000000,0.423688,B,A,False
MLC1919340749,0,0,32999.000000,0.000000,0.350073,C,B,False
MLC1919340753,0,0,9999.000000,0.000000,0.062605,C,C,True
MLC1919340759,0,0,19999.000000,0.000000,0.187591,C,C,True
MLC1919340761,0,0,59999.000000,0.000000,0.687535,A,B,False
MLC1919340763,0,1,32999.000000,0.000000,0.470434,B,B,True
MLC1919340765,0,0,29999.000000,0.000000,0.312577,C,B,False
MLC1919340767,0,0,39999.000000,0.000000,0.437563,B,B,True
MLC1919340769,0,0,29999.000000,0.000000,0.312577,C,B,False
MLC1919340773,0,0,19999.000000,0.000000,0.187591,C,C,True
MLC1919340797,0,1,39999.000000,0.000000,0.557924,B,B,True
MLC1919340817,0,2,25999.000000,0.000000,0.453351,B,B,True
MLC1919340821,0,1,29999.000000,0.000000,0.432938,B,B,True
MLC1919340827,0,3,52999.000000,0.000000,0.840767,A,B,False
MLC1919340833,0,0,19999.000000,0.000000,0.187591,C,C,True
MLC1919366299,0,0,22000.000000,0.000000,0.212601,C,C,True
MLC1919366301,0,1,24999.000000,0.000000,0.370445,B,C,False
MLC1919366311,0,0,39999.000000,0.000000,0.437563,B,B,True
MLC1919366313,0,0,19999.000000,0.000000,0.187591,C,C,True
MLC1919366315,0,1,29999.000000,0.000000,0.432938,B,B,True
MLC1919366319,0,1,39999.000000,0.000000,0.557924,B,B,True
MLC1919366321,0,4,9999.000000,0.000000,0.342075,C,A,False
MLC1919366323,0,0,29999.000000,0.000000,0.312577,C,B,False
MLC1919366337,0,2,32999.000000,0.000000,0.540841,B,B,True
MLC1919366351,0,1,10999.000000,0.000000,0.195465,C,C,True
MLC1919366369,0,5,24999.000000,0.000000,0.561213,B,A,False
MLC1919366373,0,0,20999.000000,0.000000,0.200090,C,C,True
MLC1919366391,0,2,9999.000000,0.000000,0.253373,C,C,True
MLC1919366401,0,8,32999.000000,0.000000,0.731608,A,A,True
MLC1919366413,0,0,39999.000000,0.000000,0.437563,B,B,True
MLC1919366415,0,1,39999.000000,0.000000,0.557924,B,B,True
MLC1919379133,0,1,9999.000000,0.000000,0.182966,C,C,True
MLC1919379135,0,0,39999.000000,0.000000,0.437563,B,B,True
MLC1919379137,0,0,24999.000000,0.000000,0.250084,C,C,True
MLC1919379141,0,0,19999.000000,0.000000,0.187591,C,C,True
MLC1919379147,0,0,39999.000000,0.000000,0.437563,B,B,True
MLC1919379153,0,0,9999.000000,0.000000,0.062605,C,C,True
MLC1919379157,0,0,23999.000000,0.000000,0.237586,C,C,True
MLC1919379159,0,1,24999.000000,0.000000,0.370445,B,C,False
MLC1919379161,0,0,49999.000000,0.000000,0.562549,B,B,True
MLC1919379173,0,1,19999.000000,0.000000,0.307952,C,C,True
MLC1919379179,0,3,9999.000000,0.000000,0.303327,C,C,True
MLC1919379195,0,0,9999.000000,0.000000,0.062605,C,C,True
MLC1919379211,0,1,29999.000000,0.000000,0.432938,B,B,True
MLC1919379215,0,0,44999.000000,0.000000,0.500056,B,B,True
MLC1919379245,0,1,59999.000000,0.000000,0.807896,A,B,False
MLC1919392231,0,0,39999.000000,0.000000,0.437563,B,B,True
MLC1919392233,0,0,20999.000000,0.000000,0.200090,C,C,True
MLC1919392235,0,1,9999.000000,0.000000,0.182966,C,C,True
MLC1919392237,0,0,32999.000000,0.000000,0.350073,C,B,False
MLC1919392243,0,0,29999.000000,0.000000,0.312577,C,B,False
MLC1919392245,0,2,39999.000000,0.000000,0.628331,A,B,False
MLC1919392249,0,1,24999.000000,0.000000,0.370445,B,C,False
MLC1919392251,0,0,9999.000000,0.000000,0.062605,C,C,True
MLC1919392257,0,0,19999.000000,0.000000,0.187591,C,C,True
MLC1919392259,0,0,39999.000000,0.000000,0.437563,B,B,True
MLC1919392263,0,1,79999.000000,0.000000,1.057868,A,B,False
MLC1919392265,0,1,19999.000000,0.000000,0.307952,C,C,True
MLC1919392273,0,0,23999.000000,0.000000,0.237586,C,C,True
MLC1919392305,0,0,19999.000000,0.000000,0.187591,C,C,True
MLC1919392307,0,0,20999.000000,0.000000,0.200090,C,C,True
MLC1919392313,0,0,9999.000000,0.000000,0.062605,C,C,True
MLC1919392331,0,2,59999.000000,0.000000,0.878303,A,B,False
MLC1919405235,0,1,19999.000000,0.000000,0.307952,C,C,True
MLC1919405237,0,0,9999.000000,0.000000,0.062605,C,C,True
MLC1919405241,0,0,39999.000000,0.000000,0.437563,B,B,True
MLC1919405243,0,0,20999.000000,0.000000,0.200090,C,C,True
MLC1919405247,0,1,9999.000000,0.000000,0.182966,C,C,True
MLC1919405253,0,0,32999.000000,0.000000,0.350073,C,B,False
MLC1919405265,0,0,29999.000000,0.000000,0.312577,C,B,False
MLC1919405287,0,1,9999.000000,0.000000,0.182966,C,C,True
MLC1919405299,0,0,29999.000000,0.000000,0.312577,C,B,False
MLC1919405335,0,0,19999.000000,0.000000,0.187591,C,C,True
MLC1919405341,0,4,59999.000000,0.000000,0.967005,A,B,False
MLC1919405343,0,0,23999.000000,0.000000,0.237586,C,C,True
MLC1919405347,0,0,24999.000000,0.000000,0.250084,C,C,True
MLC1919405351,0,3,39999.000000,0.000000,0.678285,A,B,False
MLC1919418251,0,2,49999.000000,0.000000,0.753317,A,B,False
MLC1919418255,0,0,20999.000000,0.000000,0.200090,C,C,True
MLC1919418257,0,2,39999.000000,0.000000,0.628331,A,B,False
MLC1919418259,0,3,39999.000000,0.000000,0.678285,A,B,False
MLC1919418261,0,0,49999.000000,0.000000,0.562549,B,B,True
MLC1919418273,0,1,49999.000000,0.000000,0.682910,A,B,False
MLC1919418275,0,0,22999.000000,0.000000,0.225087,C,C,True
MLC1919418283,0,1,24999.000000,0.000000,0.370445,B,C,False
MLC1919418295,0,0,19999.000000,0.000000,0.187591,C,C,True
MLC1919418309,0,0,24999.000000,0.000000,0.250084,C,C,True
MLC1919418311,0,1,29999.000000,0.000000,0.432938,B,B,True
MLC1919418315,0,0,32999.000000,0.000000,0.350073,C,B,False
MLC1919418347,0,1,32999.000000,0.000000,0.470434,B,B,True
MLC1919418353,0,0,9999.000000,0.000000,0.062605,C,C,True
MLC1946976747,1,16,4999.000000,4999.000000,0.781148,A,A,True
MLC1946976749,0,1,4999.000000,0.000000,0.120473,C,C,True
MLC1946976755,0,0,4999.000000,0.000000,0.000112,C,C,True
MLC1946976869,0,14,19999.000000,0.000000,0.657829,A,A,True
MLC1946976871,0,9,19999.000000,0.000000,0.587422,B,A,False
MLC1946989113,0,1,4999.000000,0.000000,0.120473,C,C,True
MLC1946989115,0,2,4999.000000,0.000000,0.190880,C,C,True
MLC1946989117,3,34,4999.000000,14997.000000,1.195608,A,A,True
MLC1946989119,1,11,4999.000000,4999.000000,0.720667,A,A,True
MLC1946989121,0,3,4999.000000,0.000000,0.240834,C,C,True
MLC1946989123,0,7,4999.000000,0.000000,0.361195,C,A,False
MLC1946989125,0,11,4999.000000,0.000000,0.431602,B,A,False
MLC1946989127,0,0,4999.000000,0.000000,0.000112,C,C,True
MLC1946989129,0,1,4999.000000,0.000000,0.120473,C,C,True
MLC1947001663,0,10,19999.000000,0.000000,0.603972,A,A,True
MLC1947001665,0,2,4999.000000,0.000000,0.190880,C,C,True
MLC1947001667,0,1,4999.000000,0.000000,0.120473,C,C,True
MLC1947001669,1,5,4999.000000,4999.000000,0.600306,A,A,True
MLC1947001671,0,0,19997.000000,0.000000,0.187566,C,C,True
MLC1947014887,0,14,19999.000000,0.000000,0.657829,A,A,True
MLC1947014889,2,60,19996.000000,39992.000000,1.359540,A,A,True
MLC1947014891,0,0,4999.000000,0.000000,0.000112,C,C,True
MLC1949396231,10,113,9999.000000,99990.000000,1.885019,A,A,True
MLC1949396233,0,13,9999.000000,0.000000,0.520863,B,A,False
MLC1949404663,4,86,19999.000000,79996.000000,1.634258,A,A,True
MLC1949404669,0,31,19999.000000,0.000000,0.789396,A,A,True
MLC1949421591,0,30,9999.000000,0.000000,0.658897,A,A,True
MLC1949427605,9,15,4999.000000,44991.000000,1.441809,A,A,True
MLC1949427615,0,1,4999.000000,0.000000,0.120473,C,C,True
MLC1949427677,6,20,4999.000000,29994.000000,1.340284,A,A,True
MLC1952311563,0,10,9999.000000,0.000000,0.478986,B,A,False
MLC1955676823,0,0,4999.000000,0.000000,0.000112,C,C,True
MLC1955676897,0,2,4999.000000,0.000000,0.190880,C,C,True
MLC1955676913,0,1,4999.000000,0.000000,0.120473,C,C,True
MLC1955676917,0,1,4999.000000,0.000000,0.120473,C,C,True
MLC1955702765,1,3,4999.000000,4999.000000,0.529899,B,A,False
MLC1955715775,0,11,4999.000000,0.000000,0.431602,B,A,False
MLC1955715777,1,1,4999.000000,4999.000000,0.409538,B,A,False
MLC1955715791,0,1,4999.000000,0.000000,0.120473,C,C,True
MLC1955728517,0,1,4999.000000,0.000000,0.120473,C,C,True
MLC1955728611,0,0,4999.000000,0.000000,0.000112,C,C,True
MLC1957382365,1,147,49999.000000,49999.000000,1.719351,A,A,True
MLC1967126371,0,4,4999.000000,0.000000,0.279582,C,A,False
MLC1967378155,3,53,19999.000000,59997.000000,1.458385,A,A,True
MLC1967389483,0,37,19999.000000,0.000000,0.819237,A,A,True
MLC1980335629,0,7,9999.000000,0.000000,0.423688,B,A,False
MLC1982207629,0,10,9999.000000,0.000000,0.478986,B,A,False
MLC3737992360,0,21,24999.000000,0.000000,0.786826,A,A,True
MLC3738000158,0,3,29999.000000,0.000000,0.553299,B,B,True
MLC3738002408,1,34,19999.000000,19999.000000,1.094022,A,A,True
MLC3738010376,0,13,29999.000000,0.000000,0.770834,A,A,True
MLC3738012494,7,100,19999.000000,139993.000000,1.856175,A,A,True
MLC3738017686,0,8,4999.000000,0.000000,0.381648,B,A,False
MLC3738017690,0,0,4999.000000,0.000000,0.000112,C,C,True
MLC3738017692,0,1,4999.000000,0.000000,0.120473,C,C,True
MLC3738017694,1,15,19999.000000,19999.000000,0.958100,A,A,True
MLC3738017696,0,19,19999.000000,0.000000,0.707783,A,A,True
MLC3738018134,0,7,19999.000000,0.000000,0.548674,B,A,False
MLC3738025160,0,25,19999.000000,0.000000,0.753341,A,A,True
MLC3738030114,0,13,19999.000000,0.000000,0.645848,A,A,True
MLC3738030116,0,1,9999.000000,0.000000,0.182966,C,C,True
MLC3738030120,0,10,9999.000000,0.000000,0.478986,B,A,False
MLC3738043122,0,4,9999.000000,0.000000,0.342075,C,A,False
MLC3738043124,0,23,19999.000000,0.000000,0.739442,A,A,True
MLC3738073702,0,10,19999.000000,0.000000,0.603972,A,A,True
MLC3738073704,0,3,19999.000000,0.000000,0.428313,B,A,False
MLC3738073706,5,15,5999.000000,29995.000000,1.241277,A,A,True
MLC3738073708,0,15,8999.000000,0.000000,0.531551,B,A,False
MLC3738073710,0,11,19999.000000,0.000000,0.619081,A,A,True
MLC3738085760,1,12,9999.000000,9999.000000,0.797059,A,A,True
MLC3738085764,0,3,4999.000000,0.000000,0.240834,C,C,True
MLC3738085766,0,8,19999.000000,0.000000,0.569127,B,A,False
MLC3746188512,1,5,19999.000000,19999.000000,0.787785,A,A,True
MLC3746188514,6,241,29999.000000,179994.000000,2.077207,A,A,True
MLC3746188516,2,12,9999.000000,19998.000000,0.966151,A,A,True
MLC3746188518,0,14,9999.000000,0.000000,0.532843,B,A,False
MLC3746188524,1,146,49999.000000,49999.000000,1.718174,A,A,True
MLC3746224792,0,1,4999.000000,0.000000,0.120473,C,C,True
MLC3746224798,0,4,4999.000000,0.000000,0.279582,C,A,False
MLC3746224800,0,24,19999.000000,0.000000,0.746531,A,A,True
MLC3746224804,0,0,9999.000000,0.000000,0.062605,C,C,True
MLC3765157646,0,2,9999.000000,0.000000,0.253373,C,C,True
MLC3765157660,0,0,9999.000000,0.000000,0.062605,C,C,True
MLC3765157688,1,65,9999.000000,9999.000000,1.079180,A,A,True
MLC3765157692,0,3,19999.000000,0.000000,0.428313,B,C,False
MLC3765157742,0,0,19999.000000,0.000000,0.187591,C,C,True
MLC3765157744,0,0,9999.000000,0.000000,0.062605,C,C,True
MLC3765157834,0,2,9999.000000,0.000000,0.253373,C,C,True
MLC3765157884,0,0,24999.000000,0.000000,0.250084,C,C,True
MLC3765157910,0,0,19999.000000,0.000000,0.187591,C,C,True
MLC3765157916,0,0,9999.000000,0.000000,0.062605,C,C,True
MLC3765157920,0,0,19999.000000,0.000000,0.187591,C,C,True
MLC3765157922,0,1,19999.000000,0.000000,0.307952,C,C,True
MLC3765157940,0,5,24999.000000,0.000000,0.561213,B,A,False
MLC3765157944,0,4,29999.000000,0.000000,0.592047,B,B,True
MLC3765170186,0,1,19999.000000,0.000000,0.307952,C,C,True
MLC3765170192,0,6,24999.000000,0.000000,0.587980,B,A,False
MLC3765170202,0,2,34999.000000,0.000000,0.565838,B,B,True
MLC3765170208,0,4,24999.000000,0.000000,0.529554,B,A,False
MLC3765170210,0,1,29999.000000,0.000000,0.432938,B,B,True
MLC3765170232,0,6,34999.000000,0.000000,0.712966,A,B,False
MLC3765170242,0,0,9999.000000,0.000000,0.062605,C,C,True
MLC3765170258,0,0,39999.000000,0.000000,0.437563,B,B,True
MLC3765170278,0,0,19999.000000,0.000000,0.187591,C,C,True
MLC3765170286,0,0,21999.000000,0.000000,0.212589,C,C,True
MLC3765170314,0,12,49999.000000,0.000000,1.007938,A,B,False
MLC3765170398,0,3,39999.000000,0.000000,0.678285,A,B,False
MLC3765170446,0,0,19999.000000,0.000000,0.187591,C,C,True
MLC3765170450,0,0,19999.000000,0.000000,0.187591,C,C,True
MLC3765170454,0,0,9999.000000,0.000000,0.062605,C,C,True
MLC3765170468,0,2,24999.000000,0.000000,0.440852,B,C,False
MLC3765170472,0,0,9999.000000,0.000000,0.062605,C,C,True
MLC3765170482,0,0,29999.000000,0.000000,0.312577,C,B,False
MLC3765179152,0,1,9999.000000,0.000000,0.182966,C,C,True
MLC3765179168,0,15,29999.000000,0.000000,0.794021,A,A,True
MLC3765179170,0,0,24999.000000,0.000000,0.250084,C,C,True
MLC3765179178,0,4,24999.000000,0.000000,0.529554,B,A,False
MLC3765179180,0,7,19999.000000,0.000000,0.548674,B,A,False
MLC3765179182,0,0,9999.000000,0.000000,0.062605,C,C,True
MLC3765179190,0,3,34999.000000,0.000000,0.615792,A,B,False
MLC3765179192,0,0,9999.000000,0.000000,0.062605,C,C,True
MLC3765179224,0,2,39999.000000,0.000000,0.628331,A,B,False
MLC3765179246,0,7,24999.000000,0.000000,0.611167,A,A,True
MLC3765179266,0,1,24999.000000,0.000000,0.370445,B,C,False
MLC3765179280,0,0,19999.000000,0.000000,0.187591,C,C,True
MLC3765179298,2,74,29999.000000,59998.000000,1.520441,A,A,True
MLC3765179358,0,1,24999.000000,0.000000,0.370445,B,C,False
MLC3765179368,0,4,24999.000000,0.000000,0.529554,B,A,False
MLC3765179374,0,5,9999.000000,0.000000,0.373734,B,A,False
MLC3765179410,0,0,19999.000000,0.000000,0.187591,C,C,True
MLC3765179436,0,3,39999.000000,0.000000,0.678285,A,B,False
MLC3765179456,0,2,9999.000000,0.000000,0.253373,C,C,True
MLC3765179470,0,0,9999.000000,0.000000,0.062605,C,C,True
MLC3765192162,0,0,9999.000000,0.000000,0.062605,C,C,True
MLC3765192168,0,0,19999.000000,0.000000,0.187591,C,C,True
MLC3765192182,0,3,19999.000000,0.000000,0.428313,B,C,False
MLC3765192188,0,2,9999.000000,0.000000,0.253373,C,C,True
MLC3765192192,0,1,29999.000000,0.000000,0.432938,B,B,True
MLC3765192222,0,0,9999.000000,0.000000,0.062605,C,C,True
MLC3765192246,0,2,19999.000000,0.000000,0.378359,B,C,False
MLC3765192258,0,0,19999.000000,0.000000,0.187591,C,C,True
MLC3765192320,0,0,9999.000000,0.000000,0.062605,C,C,True
MLC3765192334,1,15,29999.000000,29999.000000,1.083086,A,A,True
MLC3765192356,0,1,19999.000000,0.000000,0.307952,C,C,True
MLC3765192410,0,2,44999.000000,0.000000,0.690824,A,B,False
MLC3765192418,0,0,9999.000000,0.000000,0.062605,C,C,True
MLC3765192420,0,0,9999.000000,0.000000,0.062605,C,C,True
MLC3765241240,0,17,29999.000000,0.000000,0.814474,A,A,True
MLC3765241242,0,2,29999.000000,0.000000,0.503345,B,B,True
MLC3765241244,0,0,19999.000000,0.000000,0.187591,C,C,True
MLC3765241248,0,4,19999.000000,0.000000,0.467061,B,A,False
MLC3765241256,0,1,29999.000000,0.000000,0.432938,B,B,True
MLC3765241262,0,2,29999.000000,0.000000,0.503345,B,B,True
MLC3765241264,0,0,9999.000000,0.000000,0.062605,C,C,True
MLC3765241282,0,0,9999.000000,0.000000,0.062605,C,C,True
MLC3765241288,0,2,19999.000000,0.000000,0.378359,B,C,False
MLC3765241294,0,2,19999.000000,0.000000,0.378359,B,C,False
MLC3765241302,0,0,19999.000000,0.000000,0.187591,C,C,True
MLC3765241308,0,1,29999.000000,0.000000,0.432938,B,B,True
MLC3765241310,0,1,29999.000000,0.000000,0.432938,B,B,True
MLC3765241314,0,2,19999.000000,0.000000,0.378359,B,C,False
MLC3765241336,0,1,29999.000000,0.000000,0.432938,B,B,True
MLC3765241360,0,4,19999.000000,0.000000,0.467061,B,A,False
MLC3765241416,0,0,9999.000000,0.000000,0.062605,C,C,True
MLC3765241450,0,2,19999.000000,0.000000,0.378359,B,C,False
MLC3765241490,0,13,29999.000000,0.000000,0.770834,A,A,True
MLC3765241504,0,0,9999.000000,0.000000,0.062605,C,C,True
MLC3765241512,0,5,29999.000000,0.000000,0.623706,A,A,True
MLC3765241518,0,0,9999.000000,0.000000,0.062605,C,C,True
MLC3765241520,0,4,24999.000000,0.000000,0.529554,B,A,False
MLC3765241532,0,1,29999.000000,0.000000,0.432938,B,B,True
MLC3765241546,0,5,39999.000000,0.000000,0.748692,A,B,False
MLC3765241570,0,0,19999.000000,0.000000,0.187591,C,C,True
MLC3765241576,0,2,29999.000000,0.000000,0.503345,B,B,True
MLC3765241578,0,1,9999.000000,0.000000,0.182966,C,C,True
MLC3765241588,0,0,34999.000000,0.000000,0.375070,B,B,True
MLC3765241600,0,3,19999.000000,0.000000,0.428313,B,C,False
MLC3776440424,0,0,5999.000000,0.000000,0.012611,C,C,True
MLC3776551612,0,0,5999.000000,0.000000,0.012611,C,C,True
MLC3794462978,0,1,19999.000000,0.000000,0.307952,C,C,True
MLC3794462980,0,0,29999.000000,0.000000,0.312577,C,B,False
MLC3794462982,0,0,39999.000000,0.000000,0.437563,B,B,True
MLC3794462984,0,0,19999.000000,0.000000,0.187591,C,C,True
MLC3794462986,0,1,19999.000000,0.000000,0.307952,C,C,True
MLC3794462990,0,0,39999.000000,0.000000,0.437563,B,B,True
MLC3794462992,0,1,19999.000000,0.000000,0.307952,C,C,True
MLC3794462996,0,3,19999.000000,0.000000,0.428313,B,C,False
MLC3794462998,0,0,24999.000000,0.000000,0.250084,C,C,True
MLC3794463000,0,0,14999.000000,0.000000,0.125098,C,C,True
MLC3794463002,0,0,14999.000000,0.000000,0.125098,C,C,True
MLC3794463004,0,9,19999.000000,0.000000,0.587422,B,A,False
MLC3794463006,0,0,19999.000000,0.000000,0.187591,C,C,True
MLC3794463008,0,0,19999.000000,0.000000,0.187591,C,C,True
MLC3794463010,0,0,29999.000000,0.000000,0.312577,C,B,False
MLC3794463012,0,1,24999.000000,0.000000,0.370445,B,C,False
MLC3794463018,0,1,29999.000000,0.000000,0.432938,B,B,True
MLC3794463026,0,1,24999.000000,0.000000,0.370445,B,C,False
MLC3794463028,0,0,24999.000000,0.000000,0.250084,C,C,True
MLC3794463030,0,0,9999.000000,0.000000,0.062605,C,C,True
MLC3794463032,0,0,39999.000000,0.000000,0.437563,B,B,True
MLC3794463034,0,1,39999.000000,0.000000,0.557924,B,B,True
MLC3794463036,0,0,19999.000000,0.000000,0.187591,C,C,True
MLC3794463038,0,1,24999.000000,0.000000,0.370445,B,C,False
MLC3794463040,0,3,19999.000000,0.000000,0.428313,B,C,False
MLC3794463042,0,2,29999.000000,0.000000,0.503345,B,B,True
MLC3794463044,0,0,34999.000000,0.000000,0.375070,B,B,True
MLC3794463050,0,3,29999.000000,0.000000,0.553299,B,B,True
MLC3794463054,0,1,19999.000000,0.000000,0.307952,C,C,True
MLC3794463056,0,0,19999.000000,0.000000,0.187591,C,C,True
MLC3794463058,0,1,19999.000000,0.000000,0.307952,C,C,True
MLC3794463060,0,0,19999.000000,0.000000,0.187591,C,C,True
MLC3794463062,0,0,39999.000000,0.000000,0.437563,B,B,True
MLC3794463064,0,1,34999.000000,0.000000,0.495431,B,B,True
MLC3794463066,0,0,19999.000000,0.000000,0.187591,C,C,True
MLC3794463070,0,0,19999.000000,0.000000,0.187591,C,C,True
MLC3794463072,0,2,19999.000000,0.000000,0.378359,B,C,False
MLC3794463074,0,0,39999.000000,0.000000,0.437563,B,B,True
MLC3794463076,0,1,19999.000000,0.000000,0.307952,C,C,True
MLC3794463078,0,1,19999.000000,0.000000,0.307952,C,C,True
MLC3794463080,0,0,29999.000000,0.000000,0.312577,C,B,False
MLC3794463084,0,0,19999.000000,0.000000,0.187591,C,C,True
MLC3794463086,0,1,9999.000000,0.000000,0.182966,C,C,True
MLC3794463088,0,0,39999.000000,0.000000,0.437563,B,B,True
MLC3794463090,0,0,29999.000000,0.000000,0.312577,C,B,False
MLC3794493556,0,0,29999.000000,0.000000,0.312577,C,B,False
MLC3794493558,0,2,69999.000000,0.000000,1.003289,A,B,False
MLC3794493560,0,0,19999.000000,0.000000,0.187591,C,C,True
MLC3794493564,0,1,19999.000000,0.000000,0.307952,C,C,True
MLC3794493566,0,1,9999.000000,0.000000,0.182966,C,C,True
MLC3794493568,0,0,9999.000000,0.000000,0.062605,C,C,True
MLC3794493570,0,0,19999.000000,0.000000,0.187591,C,C,True
MLC3794493572,0,0,9999.000000,0.000000,0.062605,C,C,True
MLC3794493574,0,0,19999.000000,0.000000,0.187591,C,C,True
MLC3794493576,0,0,19999.000000,0.000000,0.187591,C,C,True
MLC3794493578,0,1,29999.000000,0.000000,0.432938,B,B,True
MLC3794493580,0,1,19999.000000,0.000000,0.307952,C,C,True
MLC3794493582,0,0,29999.000000,0.000000,0.312577,C,B,False
MLC3794493586,0,37,19999.000000,0.000000,0.819237,A,A,True
MLC3794493590,0,0,39999.000000,0.000000,0.437563,B,B,True
MLC3794493592,0,2,49999.000000,0.000000,0.753317,A,B,False
MLC3794493596,0,1,24999.000000,0.000000,0.370445,B,C,False
MLC3794493598,0,2,39999.000000,0.000000,0.628331,A,B,False
MLC3794493600,0,0,29999.000000,0.000000,0.312577,C,B,False
MLC3794493602,0,0,39999.000000,0.000000,0.437563,B,B,True
MLC3794493604,0,1,19999.000000,0.000000,0.307952,C,C,True
MLC3794493606,0,0,42999.000000,0.000000,0.475059,B,B,True
MLC3794493608,0,0,24999.000000,0.000000,0.250084,C,C,True
MLC3794493612,0,1,34999.000000,0.000000,0.495431,B,B,True
MLC3794493614,0,0,39999.000000,0.000000,0.437563,B,B,True
MLC3794493620,0,2,29999.000000,0.000000,0.503345,B,B,True
MLC3794493622,0,0,24999.000000,0.000000,0.250084,C,C,True
MLC3794493624,0,1,34999.000000,0.000000,0.495431,B,B,True
MLC3794493626,0,0,19999.000000,0.000000,0.187591,C,C,True
MLC3794493628,0,0,39999.000000,0.000000,0.437563,B,B,True
MLC3794493630,0,2,34999.000000,0.000000,0.565838,B,B,True
MLC3794493632,0,0,14999.000000,0.000000,0.125098,C,C,True
MLC3794493634,0,0,9999.000000,0.000000,0.062605,C,C,True
MLC3794493636,0,0,24999.000000,0.000000,0.250084,C,C,True
MLC3794493638,0,1,39999.000000,0.000000,0.557924,B,B,True
MLC3794493640,0,1,19999.000000,0.000000,0.307952,C,C,True
MLC3794493642,0,0,29999.000000,0.000000,0.312577,C,B,False
MLC3794493644,0,0,24999.000000,0.000000,0.250084,C,C,True
MLC3794493646,0,0,9999.000000,0.000000,0.062605,C,C,True
MLC3794493648,0,0,22990.000000,0.000000,0.224975,C,C,True
MLC3794493650,0,1,19999.000000,0.000000,0.307952,C,C,True
MLC3794493652,0,0,29999.000000,0.000000,0.312577,C,B,False
MLC3794493654,0,2,9999.000000,0.000000,0.253373,C,C,True
MLC3794493658,0,1,19999.000000,0.000000,0.307952,C,C,True
MLC3794506280,0,0,19999.000000,0.000000,0.187591,C,C,True
MLC3794506282,0,0,39999.000000,0.000000,0.437563,B,B,True
MLC3794506286,0,0,19999.000000,0.000000,0.187591,C,C,True
MLC3794506288,0,1,39999.000000,0.000000,0.557924,B,B,True
MLC3794506290,0,1,39999.000000,0.000000,0.557924,B,B,True
MLC3794506292,0,0,14999.000000,0.000000,0.125098,C,C,True
MLC3794506296,0,0,34999.000000,0.000000,0.375070,B,B,True
MLC3794506298,0,0,29999.000000,0.000000,0.312577,C,B,False
MLC3794506300,0,2,24999.000000,0.000000,0.440852,B,C,False
MLC3794506302,0,0,24999.000000,0.000000,0.250084,C,C,True
MLC3794506304,0,1,49999.000000,0.000000,0.682910,A,B,False
MLC3794506306,0,0,24999.000000,0.000000,0.250084,C,C,True
MLC3794506312,0,3,32999.000000,0.000000,0.590795,B,B,True
MLC3794506316,0,3,39999.000000,0.000000,0.678285,A,B,False
MLC3794506318,1,9,19999.000000,19999.000000,0.876487,A,A,True
MLC3794506320,0,1,29999.000000,0.000000,0.432938,B,B,True
MLC3794506322,0,0,39999.000000,0.000000,0.437563,B,B,True
MLC3794506324,0,0,19999.000000,0.000000,0.187591,C,C,True
MLC3794506326,0,1,49999.000000,0.000000,0.682910,A,B,False
MLC3794506328,0,0,34999.000000,0.000000,0.375070,B,B,True
MLC3794506330,0,0,19999.000000,0.000000,0.187591,C,C,True
MLC3794506332,0,1,39999.000000,0.000000,0.557924,B,B,True
MLC3794506334,0,1,9999.000000,0.000000,0.182966,C,C,True
MLC3794506336,0,0,29999.000000,0.000000,0.312577,C,B,False
MLC3794506338,0,0,19999.000000,0.000000,0.187591,C,C,True
MLC3794506340,0,0,19999.000000,0.000000,0.187591,C,C,True
MLC3794506344,0,0,24999.000000,0.000000,0.250084,C,C,True
MLC3794506346,0,1,29999.000000,0.000000,0.432938,B,B,True
MLC3794506348,0,0,24999.000000,0.000000,0.250084,C,C,True
MLC3794506350,0,0,19999.000000,0.000000,0.187591,C,C,True
MLC3794506354,0,0,49999.000000,0.000000,0.562549,B,B,True
MLC3794506356,0,0,24999.000000,0.000000,0.250084,C,C,True
MLC3794506358,0,1,19999.000000,0.000000,0.307952,C,C,True
MLC3794506360,0,0,19999.000000,0.000000,0.187591,C,C,True
MLC3794506362,0,0,19999.000000,0.000000,0.187591,C,C,True
MLC3794506364,0,0,34999.000000,0.000000,0.375070,B,B,True
MLC3794506368,0,0,19999.000000,0.000000,0.187591,C,C,True
MLC3794506370,0,4,34999.000000,0.000000,0.654540,A,B,False
MLC3794506372,0,1,29999.000000,0.000000,0.432938,B,B,True
MLC3794506374,0,0,19999.000000,0.000000,0.187591,C,C,True
MLC3794506376,0,0,9999.000000,0.000000,0.062605,C,C,True
MLC3794506378,0,0,19999.000000,0.000000,0.187591,C,C,True
MLC3794506380,0,2,39999.000000,0.000000,0.628331,A,B,False
MLC3794506382,0,1,19999.000000,0.000000,0.307952,C,C,True
MLC3794506384,2,33,29999.000000,59998.000000,1.383066,A,A,True
MLC3794506386,0,0,24999.000000,0.000000,0.250084,C,C,True
MLC3794517732,0,0,24999.000000,0.000000,0.250084,C,C,True
MLC3794517734,0,0,19999.000000,0.000000,0.187591,C,C,True
MLC3794517736,0,0,19999.000000,0.000000,0.187591,C,C,True
MLC3794517738,0,0,19999.000000,0.000000,0.187591,C,C,True
MLC3794517740,0,0,19999.000000,0.000000,0.187591,C,C,True
MLC3794517742,0,0,19999.000000,0.000000,0.187591,C,C,True
MLC3794517744,0,1,24999.000000,0.000000,0.370445,B,C,False
MLC3794517746,0,4,19999.000000,0.000000,0.467061,B,A,False
MLC3794517748,0,0,14999.000000,0.000000,0.125098,C,C,True
MLC3794517750,0,10,24999.000000,0.000000,0.666465,A,A,True
MLC3794517752,0,1,24999.000000,0.000000,0.370445,B,C,False
MLC3794517754,0,0,34999.000000,0.000000,0.375070,B,B,True
MLC3794517758,0,2,59999.000000,0.000000,0.878303,A,B,False
MLC3794517760,0,2,24999.000000,0.000000,0.440852,B,C,False
MLC3794517764,0,0,39999.000000,0.000000,0.437563,B,B,True
MLC3794517766,0,0,9999.000000,0.000000,0.062605,C,C,True
MLC3794517768,0,0,24999.000000,0.000000,0.250084,C,C,True
MLC3794517770,0,2,24999.000000,0.000000,0.440852,B,C,False
MLC3794517772,0,1,19999.000000,0.000000,0.307952,C,C,True
MLC3794517774,0,0,34999.000000,0.000000,0.375070,B,B,True
MLC3794517776,0,0,19999.000000,0.000000,0.187591,C,C,True
MLC3794517778,0,0,24999.000000,0.000000,0.250084,C,C,True
MLC3794517780,0,2,24999.000000,0.000000,0.440852,B,C,False
MLC3794517782,0,0,29999.000000,0.000000,0.312577,C,B,False
MLC3794517784,0,1,39999.000000,0.000000,0.557924,B,B,True
MLC3794517786,0,3,24999.000000,0.000000,0.490806,B,B,True
MLC3794517788,0,0,19999.000000,0.000000,0.187591,C,C,True
MLC3794517790,0,0,34999.000000,0.000000,0.375070,B,B,True
MLC3794517792,0,0,34999.000000,0.000000,0.375070,B,B,True
MLC3794517794,0,0,19999.000000,0.000000,0.187591,C,C,True
MLC3794517796,0,0,24999.000000,0.000000,0.250084,C,C,True
MLC3794517798,0,0,39999.000000,0.000000,0.437563,B,B,True
MLC3794517802,0,0,34999.000000,0.000000,0.375070,B,B,True
MLC3794517804,0,0,19999.000000,0.000000,0.187591,C,C,True
MLC3794517806,0,0,39999.000000,0.000000,0.437563,B,B,True
MLC3794517810,0,0,29999.000000,0.000000,0.312577,C,B,False
MLC3794517812,0,0,19999.000000,0.000000,0.187591,C,C,True
MLC3794517814,0,1,19999.000000,0.000000,0.307952,C,C,True
MLC3794517816,0,0,39999.000000,0.000000,0.437563,B,B,True
MLC3794517818,0,2,19999.000000,0.000000,0.378359,B,C,False
MLC3794517820,0,2,24999.000000,0.000000,0.440852,B,C,False
MLC3794517822,0,0,9999.000000,0.000000,0.062605,C,C,True
MLC3794517824,0,0,19999.000000,0.000000,0.187591,C,C,True
MLC3794517828,0,0,19999.000000,0.000000,0.187591,C,C,True
MLC3794517830,0,0,49999.000000,0.000000,0.562549,B,B,True
MLC3794517832,0,0,29999.000000,0.000000,0.312577,C,B,False
MLC3794517836,0,0,34999.000000,0.000000,0.375070,B,B,True
MLC3794517838,0,0,19999.000000,0.000000,0.187591,C,C,True
MLC3794517842,0,1,9999.000000,0.000000,0.182966,C,C,True
MLC3794517846,0,0,19999.000000,0.000000,0.187591,C,C,True
MLC3794517848,0,0,19999.000000,0.000000,0.187591,C,C,True
MLC3798710954,1,56,39999.000000,39999.000000,1.428681,A,A,True
MLC3820925964,0,67,64999.000000,0.000000,1.482721,A,B,False
MLC3824539038,0,1,4990.000000,0.000000,0.120361,C,C,True
MLC3824556494,0,0,4999.000000,0.000000,0.000112,C,C,True
MLC3824629306,0,2,19999.000000,0.000000,0.378359,B,C,False
MLC3855241456,4,286,39999.000000,159996.000000,2.091487,A,A,True
MLC3856837238,0,0,59999.000000,0.000000,0.687535,A,B,False
MLC3856837244,0,1,20999.000000,0.000000,0.320451,C,C,True
MLC3856837296,0,1,44999.000000,0.000000,0.620417,A,B,False
MLC3856837298,0,2,34999.000000,0.000000,0.565838,B,B,True
MLC3856837300,0,0,24999.000000,0.000000,0.250084,C,C,True
MLC3856837310,0,5,20999.000000,0.000000,0.511219,B,A,False
MLC3856837312,0,0,22999.000000,0.000000,0.225087,C,C,True
MLC3856837320,0,0,19999.000000,0.000000,0.187591,C,C,True
MLC3856850174,0,3,41999.000000,0.000000,0.703282,A,B,False
MLC3856850178,0,13,44999.000000,0.000000,0.958313,A,B,False
MLC3856850180,0,13,38395.000000,0.000000,0.875773,A,A,True
MLC3856850182,0,0,9999.000000,0.000000,0.062605,C,C,True
MLC3856850188,0,0,9999.000000,0.000000,0.062605,C,C,True
MLC3856850190,0,0,32999.000000,0.000000,0.350073,C,B,False
MLC3856850192,0,0,9999.000000,0.000000,0.062605,C,C,True
MLC3856850206,0,0,24999.000000,0.000000,0.250084,C,C,True
MLC3856850228,0,0,39999.000000,0.000000,0.437563,B,B,True
MLC3856850240,0,2,29999.000000,0.000000,0.503345,B,B,True
MLC3856850252,0,2,59999.000000,0.000000,0.878303,A,B,False
MLC3856850262,0,0,19999.000000,0.000000,0.187591,C,C,True
MLC3856871920,0,18,43999.000000,0.000000,0.998842,A,A,True
MLC3856871922,0,2,13999.000000,0.000000,0.303368,C,C,True
MLC3856871936,0,0,39999.000000,0.000000,0.437563,B,B,True
MLC3856871942,0,0,19999.000000,0.000000,0.187591,C,C,True
MLC3856871944,0,1,24999.000000,0.000000,0.370445,B,C,False
MLC3856871948,0,5,39999.000000,0.000000,0.748692,A,B,False
MLC3856871950,0,0,24999.000000,0.000000,0.250084,C,C,True
MLC3856871954,0,0,22999.000000,0.000000,0.225087,C,C,True
MLC3856871968,0,3,59999.000000,0.000000,0.928257,A,B,False
MLC3856871972,0,0,19999.000000,0.000000,0.187591,C,C,True
MLC3856871982,0,1,24999.000000,0.000000,0.370445,C,C,True
MLC3856871988,0,3,39999.000000,0.000000,0.678285,A,B,False
MLC3856872022,0,0,32999.000000,0.000000,0.350073,C,B,False
MLC3856872036,0,1,24999.000000,0.000000,0.370445,C,C,True
MLC3856884968,0,0,20999.000000,0.000000,0.200090,C,C,True
MLC3856884970,0,3,59999.000000,0.000000,0.928257,A,B,False
MLC3856884974,0,1,59999.000000,0.000000,0.807896,A,B,False
MLC3856884980,0,1,59999.000000,0.000000,0.807896,A,B,False
MLC3856884982,0,1,19999.000000,0.000000,0.307952,C,C,True
MLC3856884984,0,0,13999.000000,0.000000,0.112600,C,C,True
MLC3856884988,0,0,39999.000000,0.000000,0.437563,B,B,True
MLC3856884990,0,4,9999.000000,0.000000,0.342075,C,A,False
MLC3856884992,0,8,39999.000000,0.000000,0.819099,A,B,False
MLC3856885010,0,2,29999.000000,0.000000,0.503345,B,B,True
MLC3856885018,0,1,24999.000000,0.000000,0.370445,C,C,True
MLC3856885028,0,0,19999.000000,0.000000,0.187591,C,C,True
MLC3856885036,0,1,39999.000000,0.000000,0.557924,B,B,True
MLC3856885050,0,1,79999.000000,0.000000,1.057868,A,B,False
MLC3856885072,0,0,24999.000000,0.000000,0.250084,C,C,True
MLC3856885080,0,0,9999.000000,0.000000,0.062605,C,C,True
MLC3856885082,0,0,20999.000000,0.000000,0.200090,C,C,True
MLC3856897652,0,0,24999.000000,0.000000,0.250084,C,C,True
MLC3856897654,0,4,39999.000000,0.000000,0.717033,A,B,False
MLC3856897656,0,0,29999.000000,0.000000,0.312577,C,B,False
MLC3856897660,0,3,29999.000000,0.000000,0.553299,B,B,True
MLC3856897664,0,0,32999.000000,0.000000,0.350073,C,B,False
MLC3856897668,0,6,59999.000000,0.000000,1.025431,A,B,False
MLC3856897684,0,1,39999.000000,0.000000,0.557924,B,B,True
MLC3856897686,0,0,39999.000000,0.000000,0.437563,B,B,True
MLC3856897706,0,0,19999.000000,0.000000,0.187591,C,C,True
MLC3856897716,0,0,20999.000000,0.000000,0.200090,C,C,True
MLC3856897732,0,0,29999.000000,0.000000,0.312577,C,B,False
MLC3856897736,0,0,22999.000000,0.000000,0.225087,C,C,True
MLC3856897742,0,1,19999.000000,0.000000,0.307952,C,C,True
MLC3856897746,0,6,24999.000000,0.000000,0.587980,B,A,False
MLC3856897756,0,4,40999.000000,0.000000,0.729531,A,B,False
MLC3856897788,0,3,9999.000000,0.000000,0.303327,C,C,True
MLC3856909348,0,0,9999.000000,0.000000,0.062605,C,C,True
MLC3856909350,0,0,16999.000000,0.000000,0.150096,C,C,True
MLC3856909352,0,14,52999.000000,0.000000,1.070282,A,B,False
MLC3856909358,0,1,49999.000000,0.000000,0.682910,A,B,False
MLC3856909360,0,6,59999.000000,0.000000,1.025431,A,B,False
MLC3856909370,0,0,39999.000000,0.000000,0.437563,B,B,True
MLC3856909380,0,3,20999.000000,0.000000,0.440812,B,A,False
MLC3856909384,0,4,14999.000000,0.000000,0.404568,B,A,False
MLC3856909388,0,4,20999.000000,0.000000,0.479560,B,A,False
MLC3856909398,0,0,29999.000000,0.000000,0.312577,C,B,False
MLC3856909418,0,2,39999.000000,0.000000,0.628331,A,B,False
MLC3856909442,0,0,24999.000000,0.000000,0.250084,C,C,True
MLC3856909472,0,0,20999.000000,0.000000,0.200090,C,C,True
MLC3856909476,0,0,19999.000000,0.000000,0.187591,C,C,True
MLC3856922450,0,0,9999.000000,0.000000,0.062605,C,C,True
MLC3856922454,0,35,59999.000000,0.000000,1.309792,A,B,False
MLC3856922470,0,0,24999.000000,0.000000,0.250084,C,C,True
MLC3856922474,0,1,20999.000000,0.000000,0.320451,C,C,True
MLC3856922482,1,2,5999.000000,5999.000000,0.492444,B,A,False
MLC3856922486,0,0,25999.000000,0.000000,0.262583,C,C,True
MLC3856922490,0,4,44999.000000,0.000000,0.779526,A,B,False
MLC3856922504,0,0,9999.000000,0.000000,0.062605,C,C,True
MLC3856922522,0,0,19999.000000,0.000000,0.187591,C,C,True
MLC3856922524,0,2,40999.000000,0.000000,0.640830,A,B,False
MLC3856922582,0,0,24999.000000,0.000000,0.250084,C,C,True
MLC3856935082,0,1,19999.000000,0.000000,0.307952,C,C,True
MLC3856935086,0,0,24999.000000,0.000000,0.250084,C,C,True
MLC3856935088,0,1,24999.000000,0.000000,0.370445,C,C,True
MLC3856935092,0,0,24999.000000,0.000000,0.250084,C,C,True
MLC3856935094,0,0,24999.000000,0.000000,0.250084,C,C,True
MLC3856935100,0,0,19999.000000,0.000000,0.187591,C,C,True
MLC3856935110,0,1,20999.000000,0.000000,0.320451,C,C,True
MLC3856935118,0,1,34999.000000,0.000000,0.495431,B,B,True
MLC3856935122,0,1,24999.000000,0.000000,0.370445,C,C,True
MLC3856935124,0,2,39999.000000,0.000000,0.628331,A,B,False
MLC3856935126,0,1,20999.000000,0.000000,0.320451,C,C,True
MLC3856935128,0,0,9999.000000,0.000000,0.062605,C,C,True
MLC3856935140,0,0,19999.000000,0.000000,0.187591,C,C,True
MLC3856935146,0,0,24999.000000,0.000000,0.250084,C,C,True
MLC3856935166,0,1,19999.000000,0.000000,0.307952,C,C,True
MLC3856935170,0,0,32999.000000,0.000000,0.350073,C,B,False
MLC3856935172,0,0,9999.000000,0.000000,0.062605,C,C,True
MLC3856935196,0,0,29999.000000,0.000000,0.312577,C,B,False
MLC3856935212,0,0,24999.000000,0.000000,0.250084,C,C,True
MLC3856943700,0,1,29999.000000,0.000000,0.432938,B,B,True
MLC3856943702,0,3,39999.000000,0.000000,0.678285,A,B,False
MLC3856943708,1,18,39999.000000,39999.000000,1.237913,A,A,True
MLC3856943710,0,0,39999.000000,0.000000,0.437563,B,B,True
MLC3856943716,0,0,20999.000000,0.000000,0.200090,C,C,True
MLC3856943730,0,11,49999.000000,0.000000,0.994039,A,B,False
MLC3856943734,0,0,5999.000000,0.000000,0.012611,C,C,True
MLC3856943750,0,1,19999.000000,0.000000,0.307952,C,C,True
MLC3856943782,0,0,39999.000000,0.000000,0.437563,B,B,True
MLC3856943792,0,0,20999.000000,0.000000,0.200090,C,C,True
MLC3856943800,0,0,24999.000000,0.000000,0.250084,C,C,True
MLC3856943802,0,0,19999.000000,0.000000,0.187591,C,C,True
MLC3856943812,0,0,24999.000000,0.000000,0.250084,C,C,True
MLC3856943820,0,0,39999.000000,0.000000,0.437563,B,B,True
MLC3856956648,0,8,44999.000000,0.000000,0.881592,A,B,False
MLC3856956650,0,0,24999.000000,0.000000,0.250084,C,C,True
MLC3856956654,0,0,24999.000000,0.000000,0.250084,C,C,True
MLC3856956674,0,0,9999.000000,0.000000,0.062605,C,C,True
MLC3856956676,0,0,44999.000000,0.000000,0.500056,B,B,True
MLC3856956688,0,4,9999.000000,0.000000,0.342075,C,A,False
MLC3856956690,0,0,9999.000000,0.000000,0.062605,C,C,True
MLC3856956722,0,1,19999.000000,0.000000,0.307952,C,C,True
MLC3856956764,0,0,32999.000000,0.000000,0.350073,C,B,False
MLC3856969738,0,0,24999.000000,0.000000,0.250084,C,C,True
MLC3856969750,0,1,23999.000000,0.000000,0.357947,C,C,True
MLC3856969768,0,0,24999.000000,0.000000,0.250084,C,C,True
MLC3856969828,0,3,69999.000000,0.000000,1.053243,A,B,False
MLC3936734218,0,2,5499.000000,0.000000,0.197129,C,C,True
MLC3936773372,0,0,4999.000000,0.000000,0.000112,C,C,True
MLC3936773374,0,16,4999.000000,0.000000,0.492084,B,A,False
MLC3945379858,0,26,19999.000000,0.000000,0.759894,A,A,True
MLC3945446488,0,4,19999.000000,0.000000,0.467061,B,A,False
MLC3945752680,0,30,28980.000000,0.000000,0.896133,A,A,True
MLC3945754710,0,6,9990.000000,0.000000,0.400389,B,A,False
MLC3945755342,0,2,4999.000000,0.000000,0.190880,C,C,True
MLC3946823992,0,3,9999.000000,0.000000,0.303327,C,C,True
MLC3951882858,0,0,4999.000000,0.000000,0.000112,C,C,True
MLC3960430484,0,4,18999.000000,0.000000,0.454562,B,A,False
MLC3960455936,0,16,18999.000000,0.000000,0.667064,A,A,True
MLC3964323930,3,29,19999.000000,59997.000000,1.356319,A,A,True
MLC3964479062,0,0,10999.000000,0.000000,0.075104,C,C,True
MLC3965075234,0,6,10999.000000,0.000000,0.413000,B,A,False
MLC3968076530,2,154,9999.000000,19998.000000,1.396524,A,A,True
MLC3968095692,2,93,39999.000000,79998.000000,1.684637,A,A,True
MLC3994367164,0,2,4999.000000,0.000000,0.190880,C,C,True
MLC4029203790,0,2,29999.000000,0.000000,0.503345,B,B,True
MLC4029205684,0,8,29999.000000,0.000000,0.694113,A,A,True
MLC4029229406,0,4,15999.000000,0.000000,0.417067,B,A,False
MLC4029242122,1,10,15999.000000,15999.000000,0.843042,A,A,True
MLC4031342472,0,3,29999.000000,0.000000,0.553299,B,B,True
MLC4031965378,0,3,9999.000000,0.000000,0.303327,C,C,True
MLC4031978584,0,4,19999.000000,0.000000,0.467061,B,A,False
MLC4032146998,2,27,9999.000000,19998.000000,1.099380,A,A,True
