publication_id,seed_42_repeticion_1,seed_42_repeticion_2,seed_42_repeticion_3,seed_0,seed_1,seed_2,seed_3,seed_4,seed_5,seed_6,seed_7,seed_8,seed_9
MLC1878041405,C,C,C,C,C,C,C,C,C,C,C,C,C
MLC1878053449,C,C,C,C,C,C,C,C,C,C,C,C,C
MLC1878053659,C,C,C,C,C,C,C,C,C,C,C,C,C
MLC1878076597,A,A,A,A,A,A,A,A,A,A,A,A,A
MLC1878076599,A,A,A,A,A,A,A,A,A,A,A,A,A
MLC1878076601,B,B,B,B,B,B,B,B,B,B,B,B,B
MLC1878110373,A,A,A,A,A,A,A,A,A,A,A,A,A
MLC1878110375,A,A,A,A,A,A,A,A,A,A,A,A,A
MLC1878110377,C,C,C,C,C,C,C,C,C,C,C,C,C
MLC1878110379,A,A,A,A,A,A,A,A,A,A,A,A,A
MLC1878110381,C,C,C,C,C,C,C,C,C,C,C,C,C
MLC1878110383,A,A,A,A,A,A,A,A,A,A,A,A,A
MLC1878110385,A,A,A,A,A,A,A,A,A,A,A,A,A
MLC1880283597,C,C,C,C,C,C,C,C,C,C,C,C,C
MLC1880286743,A,A,A,A,A,A,A,A,A,A,A,A,A
MLC1882021595,A,A,A,A,A,A,A,A,A,A,A,A,A
MLC1882021597,A,A,A,A,A,A,A,A,A,A,A,A,A
MLC1882021599,C,C,C,C,C,C,C,C,C,C,C,C,C
MLC1882021611,A,A,A,A,A,A,A,A,A,A,A,A,A
MLC1882033427,C,C,C,C,C,C,C,C,C,C,C,C,C
MLC1882033435,A,A,A,A,A,A,A,A,A,A,A,A,A
MLC1882033437,A,A,A,A,A,A,A,A,A,A,A,A,A
MLC1882033445,A,A,A,A,A,A,A,A,A,A,A,A,A
MLC1882039995,C,C,C,C,C,C,C,C,C,C,C,C,C
MLC1882039997,A,A,A,A,A,A,A,A,A,A,A,A,A
MLC1882039999,C,C,C,C,C,C,C,C,C,C,C,C,C
MLC1882040001,A,A,A,A,A,A,A,A,A,A,A,A,A
MLC1882040003,A,A,A,A,A,A,A,A,A,A,A,A,A
MLC1882040007,A,A,A,A,A,A,A,A,A,A,A,A,A
MLC1887635501,B,B,B,B,B,B,B,B,B,B,B,B,B
MLC1887635513,B,B,B,B,B,B,B,B,B,B,B,B,B
MLC1887635515,C,C,C,C,C,C,C,C,C,C,C,C,C
MLC1887635523,C,C,C,C,C,C,C,C,C,C,C,C,C
MLC1887635537,B,B,B,B,B,B,B,B,B,B,B,B,B
MLC1887635545,B,B,B,B,B,B,B,B,B,B,B,B,B
MLC1887635547,C,C,C,C,C,C,C,C,C,C,C,C,C
MLC1887635621,A,A,A,A,A,A,A,A,A,A,A,A,A
MLC1887635635,B,B,B,B,B,B,B,B,B,B,B,B,B
MLC1887635641,B,B,B,B,B,B,B,B,B,B,B,B,B
MLC1887635665,C,C,C,C,C,C,C,C,C,C,C,C,C
MLC1887635713,A,A,A,A,A,A,A,A,A,A,A,A,A
MLC1887635715,C,C,C,C,C,C,C,C,C,C,C,C,C
MLC1887635717,C,C,C,C,C,C,C,C,C,C,C,C,C
MLC1887635749,B,B,B,B,B,B,B,B,B,B,B,B,B
MLC1887635797,A,A,A,A,A,A,A,A,A,A,A,A,A
MLC1887672061,B,B,B,B,B,B,B,B,B,B,B,B,B
MLC1887672065,C,C,C,C,C,C,C,C,C,C,C,C,C
MLC1887672069,C,C,C,C,C,C,C,C,C,C,C,C,C
MLC1887672071,A,A,A,A,A,A,A,A,A,A,A,A,A
MLC1887672081,A,A,A,A,A,A,A,A,A,A,A,A,A
MLC1887672083,B,B,B,B,B,B,B,B,B,B,B,B,B
MLC1887672095,C,C,C,C,C,C,C,C,C,C,C,C,C
MLC1887672099,A,A,A,A,A,A,A,A,A,A,C,A,A
MLC1887672105,C,C,C,C,C,C,C,C,C,C,C,C,C
MLC1887672107,A,A,A,A,A,A,A,B,A,A,B,A,B
MLC1887672117,C,C,C,C,C,C,C,C,C,C,C,C,C
MLC1887672185,B,B,B,B,B,B,B,B,B,B,B,B,B
MLC1887672199,A,A,A,A,A,A,A,A,A,A,A,A,A
MLC1887672231,B,B,B,B,B,B,B,B,B,B,B,B,B
MLC1887672241,B,B,B,B,B,B,B,B,B,B,B,B,B
MLC1887672271,A,A,A,A,A,A,A,A,A,A,A,A,A
MLC1887672289,B,B,B,B,B,B,B,B,B,B,B,B,B
MLC1887672301,C,C,C,C,C,C,C,C,C,C,C,C,C
MLC1887672303,C,C,C,C,C,C,C,C,C,C,C,C,C
MLC1887672331,B,B,B,B,B,B,B,B,B,B,B,B,B
MLC1887672347,C,C,C,C,C,C,C,C,C,C,C,C,C
MLC1887672361,A,A,A,A,A,A,A,A,A,A,A,A,A
MLC1887672401,A,A,A,A,A,A,A,A,A,A,A,A,A
MLC1887685131,C,C,C,C,C,C,C,C,C,C,C,C,C
MLC1887685133,C,C,C,C,C,C,C,C,C,C,C,C,C
MLC1887685147,B,B,B,B,B,B,B,B,B,B,B,B,B
MLC1887685149,B,B,B,B,B,B,B,B,B,B,B,B,B
MLC1887685155,C,C,C,C,C,C,C,C,C,C,C,C,C
MLC1887685193,C,C,C,C,C,C,C,C,C,C,C,C,C
MLC1887685199,C,C,C,C,C,C,C,C,C,C,C,C,C
MLC1887685201,A,A,A,A,A,A,A,A,A,A,A,A,A
MLC1887685211,B,B,B,B,B,B,B,B,B,B,B,B,B
MLC1887685235,A,A,A,A,A,A,A,A,A,A,A,A,A
MLC1887685255,C,C,C,C,C,C,C,C,C,C,C,C,C
MLC1887685299,B,B,B,B,B,B,B,B,B,B,B,B,B
MLC1887685309,C,C,C,C,C,C,C,C,C,C,C,C,C
MLC1887685339,C,C,C,C,C,C,C,C,C,C,C,C,C
MLC1887685345,A,A,A,A,A,A,A,A,A,A,A,A,A
MLC1887685357,C,C,C,C,C,C,C,C,C,C,C,C,C
MLC1887685371,B,B,B,B,B,B,B,B,B,B,B,B,B
MLC1887685373,C,C,C,C,C,C,C,C,C,C,C,C,C
MLC1887685399,C,C,C,C,C,C,C,C,C,C,C,C,C
MLC1887685433,C,C,C,C,C,C,C,C,C,C,C,C,C
MLC1887685437,C,C,C,C,C,C,C,C,C,C,C,C,C
MLC1887685447,C,C,C,C,C,C,C,C,C,C,C,C,C
MLC1887685457,C,C,C,C,C,C,C,C,C,C,C,C,C
MLC1887698031,B,B,B,B,B,B,B,B,B,B,B,B,B
MLC1887698041,C,C,C,C,C,C,C,C,C,C,C,C,C
MLC1887698049,B,B,B,B,B,B,B,B,B,B,B,B,B
MLC1887698051,C,C,C,C,C,C,C,C,C,C,C,C,C
MLC1887698053,C,C,C,C,C,C,C,C,C,C,C,C,C
MLC1887698057,C,C,C,C,C,C,C,C,C,C,C,C,C
MLC1887698065,B,B,B,B,B,B,B,B,B,B,B,B,B
MLC1887698083,C,C,C,C,C,C,C,C,C,C,C,C,C
MLC1887698113,C,C,C,C,C,C,C,C,C,C,C,C,C
MLC1887698115,B,B,B,B,B,B,B,B,B,B,B,B,B
MLC1887698129,C,C,C,C,C,C,C,C,C,C,C,C,C
MLC1887698135,C,C,C,C,C,C,C,A,C,C,C,C,A
MLC1887698147,C,C,C,C,C,C,C,A,C,C,A,C,A
MLC1887698153,B,B,B,B,B,B,B,B,B,B,B,B,B
MLC1887698157,C,C,C,C,C,C,C,C,C,C,C,C,C
MLC1887698165,C,C,C,C,C,C,C,C,C,C,C,C,C
MLC1887698193,C,C,C,C,C,C,C,C,C,C,C,C,C
MLC1887698237,B,B,B,B,B,B,B,B,B,B,B,B,B
MLC1887698239,C,C,C,C,C,C,C,C,C,C,C,C,C
MLC1887698261,C,C,C,C,C,C,C,C,C,C,C,C,C
MLC1887698275,C,C,C,C,C,C,C,C,C,C,C,C,C
MLC1887698283,A,A,A,A,A,A,A,A,A,A,A,A,A
MLC1887698287,B,B,B,B,B,B,B,B,B,B,B,B,B
MLC1887698303,C,C,C,C,C,C,C,C,C,C,C,C,C
MLC1887698327,A,A,A,A,A,A,A,A,A,A,A,A,A
MLC1887710743,A,A,A,A,A,A,A,A,A,A,A,A,A
MLC1887710745,B,B,B,B,B,B,B,A,B,B,B,B,A
MLC1887710771,C,C,C,C,C,C,C,C,C,C,C,C,C
MLC1887710777,C,C,C,C,C,C,C,C,C,C,C,C,C
MLC1887710779,C,C,C,C,C,C,C,C,C,C,C,C,C
MLC1887710793,C,C,C,C,C,C,C,C,C,C,C,C,C
MLC1887710799,A,A,A,A,A,A,A,A,A,A,A,A,A
MLC1887710809,C,C,C,C,C,C,C,C,C,C,C,C,C
MLC1887710873,A,A,A,A,A,A,A,A,A,A,A,A,A
MLC1887710903,C,C,C,C,C,C,C,C,C,C,C,C,C
MLC1887710915,C,C,C,C,C,C,C,C,C,C,C,C,C
MLC1887710927,C,C,C,C,C,C,C,C,C,C,C,C,C
MLC1887710933,C,C,C,C,C,C,C,C,C,C,C,C,C
MLC1887710949,B,B,B,B,B,B,B,B,B,B,B,B,B
MLC1887710955,A,A,A,A,A,A,A,A,A,A,A,A,A
MLC1887710957,C,C,C,C,C,C,C,C,C,C,C,C,C
MLC1887711015,C,C,C,C,C,C,C,C,C,C,C,C,C
MLC1887711019,C,C,C,C,C,C,C,C,C,C,C,C,C
MLC1887711079,A,A,A,A,A,A,A,A,A,A,A,A,A
MLC1887757141,C,C,C,C,C,C,C,C,C,C,C,C,C
MLC1887757147,A,A,A,A,A,A,A,A,A,A,A,A,A
MLC1887757149,A,A,A,A,A,A,A,A,A,A,A,A,A
MLC1887757167,C,C,C,C,C,C,C,C,C,C,C,C,C
MLC1887757203,C,C,C,C,C,C,C,C,C,C,C,C,C
MLC1887757249,C,C,C,C,C,C,C,C,C,C,C,C,C
MLC1887757303,C,C,C,C,C,C,C,C,C,C,C,C,C
MLC1887757329,C,C,C,C,C,C,C,C,C,C,C,C,C
MLC1887757337,C,C,C,C,C,C,C,C,C,C,C,C,C
MLC1887757339,C,C,C,C,C,C,C,C,C,C,C,C,C
MLC1887757351,A,A,A,A,A,A,A,A,A,A,A,A,A
MLC1887757355,C,C,C,C,C,C,C,C,C,C,C,C,C
MLC1887757415,C,C,C,C,C,C,C,C,C,C,C,C,C
MLC1887757429,C,C,C,C,C,C,C,C,C,C,C,C,C
MLC1887757431,C,C,C,C,C,C,C,C,C,C,C,C,C
MLC1887757439,C,C,C,C,C,C,C,C,C,C,C,C,C
MLC1887757445,A,A,A,A,A,A,A,A,A,A,A,A,A
MLC1887757469,C,C,C,C,C,C,C,C,C,C,C,C,C
MLC1887757473,A,A,A,A,A,A,A,A,A,A,A,A,A
MLC1887757475,A,A,A,A,A,A,A,C,A,A,A,A,C
MLC1892216729,A,A,A,A,A,A,A,A,A,A,A,A,A
MLC1892228723,A,A,A,A,A,A,A,A,A,A,A,A,A
MLC1898810311,A,A,A,A,A,A,A,A,A,A,A,A,A
MLC1898810313,B,B,B,B,B,B,B,B,B,B,B,B,B
MLC1898810315,C,C,C,C,C,C,C,C,C,C,C,C,C
MLC1898810317,B,B,B,B,B,B,B,B,B,B,B,B,B
MLC1898810319,B,B,B,B,B,B,B,B,B,B,B,B,B
MLC1898810323,B,B,B,B,B,B,B,B,B,B,B,B,B
MLC1898810325,C,C,C,C,C,C,C,C,C,C,C,C,C
MLC1898810327,C,C,C,C,C,C,C,C,C,C,C,C,C
MLC1898810329,C,C,C,C,C,C,C,C,C,C,C,C,C
MLC1898810331,B,B,B,B,B,B,B,B,B,B,B,B,B
MLC1898810337,B,B,B,B,B,B,B,B,B,B,B,B,B
MLC1898810339,B,B,B,B,B,B,B,B,B,B,B,B,B
MLC1898810341,C,C,C,C,C,C,C,C,C,C,C,C,C
MLC1898810345,B,B,B,B,B,B,B,B,B,B,B,B,B
MLC1898810347,B,B,B,B,B,B,B,B,B,B,B,B,B
MLC1898810349,C,C,C,C,C,C,C,C,C,C,C,C,C
MLC1898810353,C,C,C,C,C,C,C,C,C,C,C,C,C
MLC1898810355,B,B,B,B,B,B,B,B,B,B,B,B,B
MLC1898810359,C,C,C,C,C,C,C,C,C,C,C,C,C
MLC1898810361,A,A,A,A,A,A,A,A,A,A,A,A,A
MLC1898810363,C,C,C,C,C,C,C,C,C,C,C,C,C
MLC1898810365,C,C,C,C,C,C,C,C,C,C,C,C,C
MLC1898810367,A,A,A,A,A,A,A,A,A,A,A,A,A
MLC1898810369,B,B,B,B,B,B,B,B,B,B,B,B,B
MLC1898810373,B,B,B,B,B,B,B,B,B,B,B,B,B
MLC1898810375,C,C,C,C,C,C,C,C,C,C,C,C,C
MLC1898810377,C,C,C,C,C,C,C,C,C,C,C,C,C
MLC1898810379,B,B,B,B,B,B,B,B,B,B,B,B,B
MLC1898810381,C,C,C,C,C,C,C,C,C,C,C,C,C
MLC1898810383,B,B,B,B,B,B,B,B,B,B,B,B,B
MLC1898810385,B,B,B,B,B,B,B,B,B,B,B,B,B
MLC1898810387,A,A,A,A,A,A,A,A,A,A,A,A,A
MLC1898810389,A,A,A,A,A,A,A,A,A,A,A,A,A
MLC1898810391,C,C,C,C,C,C,C,C,C,C,C,C,C
MLC1898810393,B,B,B,B,B,B,B,B,B,B,B,B,B
MLC1898810395,B,B,B,B,B,B,B,B,B,B,B,B,B
MLC1898810397,C,C,C,C,C,C,C,C,C,C,C,C,C
MLC1898810399,A,A,A,A,A,A,A,A,A,A,A,A,A
MLC1898810401,C,C,C,C,C,C,C,C,C,C,C,C,C
MLC1898810403,B,B,B,B,B,B,B,B,B,B,B,B,B
MLC1898810405,B,B,B,B,B,B,B,B,B,B,B,B,B
MLC1898810407,C,C,C,C,C,C,C,C,C,C,C,C,C
MLC1898810409,B,B,B,B,B,B,B,B,B,B,B,B,B
MLC1898810411,B,B,B,B,B,B,B,B,B,B,B,B,B
MLC1898810413,C,C,C,C,C,C,C,C,C,C,C,C,C
MLC1908462665,B,B,B,B,B,B,B,B,B,B,B,B,B
MLC1908468347,A,A,A,A,A,A,A,A,A,A,A,A,A
MLC1908468349,B,B,B,B,B,B,B,B,B,B,B,B,B
MLC1908478659,B,B,B,B,B,B,B,B,B,B,B,B,B
MLC1919340747,A,A,A,A,A,A,A,A,A,A,A,A,A
MLC1919340749,B,B,B,B,B,B,B,B,B,B,B,B,B
MLC1919340753,C,C,C,C,C,C,C,C,C,C,C,C,C
MLC1919340759,C,C,C,C,C,C,C,C,C,C,C,C,C
MLC1919340761,B,B,B,B,B,B,B,B,B,B,B,B,B
MLC1919340763,B,B,B,B,B,B,B,B,B,B,B,B,B
MLC1919340765,B,B,B,B,B,B,B,B,B,B,B,B,B
MLC1919340767,B,B,B,B,B,B,B,B,B,B,B,B,B
MLC1919340769,B,B,B,B,B,B,B,B,B,B,B,B,B
MLC1919340773,C,C,C,C,C,C,C,C,C,C,C,C,C
MLC1919340797,B,B,B,B,B,B,B,B,B,B,B,B,B
MLC1919340817,B,B,B,B,B,B,B,B,B,B,B,B,B
MLC1919340821,B,B,B,B,B,B,B,B,B,B,B,B,B
MLC1919340827,B,B,B,B,B,B,B,B,B,B,B,B,B
MLC1919340833,C,C,C,C,C,C,C,C,C,C,C,C,C
MLC1919366299,C,C,C,C,C,C,C,C,C,C,C,C,C
MLC1919366301,C,C,C,C,C,C,C,C,C,C,C,C,C
MLC1919366311,B,B,B,B,B,B,B,B,B,B,B,B,B
MLC1919366313,C,C,C,C,C,C,C,C,C,C,C,C,C
MLC1919366315,B,B,B,B,B,B,B,B,B,B,B,B,B
MLC1919366319,B,B,B,B,B,B,B,B,B,B,B,B,B
MLC1919366321,A,A,A,A,A,A,A,A,A,A,A,A,A
MLC1919366323,B,B,B,B,B,B,B,B,B,B,B,B,B
MLC1919366337,B,B,B,B,B,B,B,B,B,B,B,B,B
MLC1919366351,C,C,C,C,C,C,C,C,C,C,C,C,C
MLC1919366369,A,A,A,A,A,A,A,A,A,A,A,A,A
MLC1919366373,C,C,C,C,C,C,C,C,C,C,C,C,C
MLC1919366391,C,C,C,C,C,C,C,C,C,C,C,C,C
MLC1919366401,A,A,A,A,A,A,A,A,A,A,A,A,A
MLC1919366413,B,B,B,B,B,B,B,B,B,B,B,B,B
MLC1919366415,B,B,B,B,B,B,B,B,B,B,B,B,B
MLC1919379133,C,C,C,C,C,C,C,C,C,C,C,C,C
MLC1919379135,B,B,B,B,B,B,B,B,B,B,B,B,B
MLC1919379137,C,C,C,C,C,C,C,C,C,C,C,C,C
MLC1919379141,C,C,C,C,C,C,C,C,C,C,C,C,C
MLC1919379147,B,B,B,B,B,B,B,B,B,B,B,B,B
MLC1919379153,C,C,C,C,C,C,C,C,C,C,C,C,C
MLC1919379157,C,C,C,C,C,C,C,C,C,C,C,C,C
MLC1919379159,C,C,C,C,C,C,C,C,C,C,C,C,C
MLC1919379161,B,B,B,B,B,B,B,B,B,B,B,B,B
MLC1919379173,C,C,C,C,C,C,C,C,C,C,C,C,C
MLC1919379179,C,C,C,C,C,C,C,C,C,C,C,C,C
MLC1919379195,C,C,C,C,C,C,C,C,C,C,C,C,C
MLC1919379211,B,B,B,B,B,B,B,B,B,B,B,B,B
MLC1919379215,B,B,B,B,B,B,B,B,B,B,B,B,B
MLC1919379245,B,B,B,B,B,B,B,B,B,B,B,B,B
MLC1919392231,B,B,B,B,B,B,B,B,B,B,B,B,B
MLC1919392233,C,C,C,C,C,C,C,C,C,C,C,C,C
MLC1919392235,C,C,C,C,C,C,C,C,C,C,C,C,C
MLC1919392237,B,B,B,B,B,B,B,B,B,B,B,B,B
MLC1919392243,B,B,B,B,B,B,B,B,B,B,B,B,B
MLC1919392245,B,B,B,B,B,B,B,B,B,B,B,B,B
MLC1919392249,C,C,C,C,C,C,C,C,C,C,C,C,C
MLC1919392251,C,C,C,C,C,C,C,C,C,C,C,C,C
MLC1919392257,C,C,C,C,C,C,C,C,C,C,C,C,C
MLC1919392259,B,B,B,B,B,B,B,B,B,B,B,B,B
MLC1919392263,B,B,B,B,B,B,B,B,B,B,B,B,B
MLC1919392265,C,C,C,C,C,C,C,C,C,C,C,C,C
MLC1919392273,C,C,C,C,C,C,C,C,C,C,C,C,C
MLC1919392305,C,C,C,C,C,C,C,C,C,C,C,C,C
MLC1919392307,C,C,C,C,C,C,C,C,C,C,C,C,C
MLC1919392313,C,C,C,C,C,C,C,C,C,C,C,C,C
MLC1919392331,B,B,B,B,B,B,B,B,B,B,B,B,B
MLC1919405235,C,C,C,C,C,C,C,C,C,C,C,C,C
MLC1919405237,C,C,C,C,C,C,C,C,C,C,C,C,C
MLC1919405241,B,B,B,B,B,B,B,B,B,B,B,B,B
MLC1919405243,C,C,C,C,C,C,C,C,C,C,C,C,C
MLC1919405247,C,C,C,C,C,C,C,C,C,C,C,C,C
MLC1919405253,B,B,B,B,B,B,B,B,B,B,B,B,B
MLC1919405265,B,B,B,B,B,B,B,B,B,B,B,B,B
MLC1919405287,C,C,C,C,C,C,C,C,C,C,C,C,C
MLC1919405299,B,B,B,B,B,B,B,B,B,B,B,B,B
MLC1919405335,C,C,C,C,C,C,C,C,C,C,C,C,C
MLC1919405341,B,B,B,B,B,B,B,B,B,B,B,B,B
MLC1919405343,C,C,C,C,C,C,C,C,C,C,C,C,C
MLC1919405347,C,C,C,C,C,C,C,C,C,C,C,C,C
MLC1919405351,B,B,B,B,B,B,B,B,B,B,B,B,B
MLC1919418251,B,B,B,B,B,B,B,B,B,B,B,B,B
MLC1919418255,C,C,C,C,C,C,C,C,C,C,C,C,C
MLC1919418257,B,B,B,B,B,B,B,B,B,B,B,B,B
MLC1919418259,B,B,B,B,B,B,B,B,B,B,B,B,B
MLC1919418261,B,B,B,B,B,B,B,B,B,B,B,B,B
MLC1919418273,B,B,B,B,B,B,B,B,B,B,B,B,B
MLC1919418275,C,C,C,C,C,C,C,C,C,C,C,C,C
MLC1919418283,C,C,C,C,C,C,C,C,C,C,C,C,C
MLC1919418295,C,C,C,C,C,C,C,C,C,C,C,C,C
MLC1919418309,C,C,C,C,C,C,C,C,C,C,C,C,C
MLC1919418311,B,B,B,B,B,B,B,B,B,B,B,B,B
MLC1919418315,B,B,B,B,B,B,B,B,B,B,B,B,B
MLC1919418347,B,B,B,B,B,B,B,B,B,B,B,B,B
MLC1919418353,C,C,C,C,C,C,C,C,C,C,C,C,C
MLC1946976747,A,A,A,A,A,A,A,A,A,A,A,A,A
MLC1946976749,C,C,C,C,C,C,C,C,C,C,C,C,C
MLC1946976755,C,C,C,C,C,C,C,C,C,C,C,C,C
MLC1946976869,A,A,A,A,A,A,A,A,A,A,A,A,A
MLC1946976871,A,A,A,A,A,A,A,A,A,A,A,A,A
MLC1946989113,C,C,C,C,C,C,C,C,C,C,C,C,C
MLC1946989115,C,C,C,C,C,C,C,C,C,C,C,C,C
MLC1946989117,A,A,A,A,A,A,A,A,A,A,A,A,A
MLC1946989119,A,A,A,A,A,A,A,A,A,A,A,A,A
MLC1946989121,C,C,C,C,C,C,C,C,C,C,C,C,C
MLC1946989123,A,A,A,A,A,A,A,A,A,A,A,A,A
MLC1946989125,A,A,A,A,A,A,A,A,A,A,A,A,A
MLC1946989127,C,C,C,C,C,C,C,C,C,C,C,C,C
MLC1946989129,C,C,C,C,C,C,C,C,C,C,C,C,C
MLC1947001663,A,A,A,A,A,A,A,A,A,A,A,A,A
MLC1947001665,C,C,C,C,C,C,C,C,C,C,C,C,C
MLC1947001667,C,C,C,C,C,C,C,C,C,C,C,C,C
MLC1947001669,A,A,A,A,A,A,A,A,A,A,A,A,A
MLC1947001671,C,C,C,C,C,C,C,C,C,C,C,C,C
MLC1947014887,A,A,A,A,A,A,A,A,A,A,A,A,A
MLC1947014889,A,A,A,A,A,A,A,A,A,A,A,A,A
MLC1947014891,C,C,C,C,C,C,C,C,C,C,C,C,C
MLC1949396231,A,A,A,A,A,A,A,A,A,A,A,A,A
MLC1949396233,A,A,A,A,A,A,A,A,A,A,A,A,A
MLC1949404663,A,A,A,A,A,A,A,A,A,A,A,A,A
MLC1949404669,A,A,A,A,A,A,A,A,A,A,A,A,A
MLC1949421591,A,A,A,A,A,A,A,A,A,A,A,A,A
MLC1949427605,A,A,A,A,A,A,A,A,A,A,A,A,A
MLC1949427615,C,C,C,C,C,C,C,C,C,C,C,C,C
MLC1949427677,A,A,A,A,A,A,A,A,A,A,A,A,A
MLC1952311563,A,A,A,A,A,A,A,A,A,A,A,A,A
MLC1955676823,C,C,C,C,C,C,C,C,C,C,C,C,C
MLC1955676897,C,C,C,C,C,C,C,C,C,C,C,C,C
MLC1955676913,C,C,C,C,C,C,C,C,C,C,C,C,C
MLC1955676917,C,C,C,C,C,C,C,C,C,C,C,C,C
MLC1955702765,A,A,A,A,A,A,A,A,A,A,A,A,A
MLC1955715775,A,A,A,A,A,A,A,A,A,A,A,A,A
MLC1955715777,A,A,A,A,A,A,A,A,A,A,A,A,A
MLC1955715791,C,C,C,C,C,C,C,C,C,C,C,C,C
MLC1955728517,C,C,C,C,C,C,C,C,C,C,C,C,C
MLC1955728611,C,C,C,C,C,C,C,C,C,C,C,C,C
MLC1957382365,A,A,A,A,A,A,A,A,A,A,A,A,A
MLC1967126371,A,A,A,A,A,A,A,A,A,A,A,A,A
MLC1967378155,A,A,A,A,A,A,A,A,A,A,A,A,A
MLC1967389483,A,A,A,A,A,A,A,A,A,A,A,A,A
MLC1980335629,A,A,A,A,A,A,A,A,A,A,A,A,A
MLC1982207629,A,A,A,A,A,A,A,A,A,A,A,A,A
MLC3737992360,A,A,A,A,A,A,A,A,A,A,A,A,A
MLC3738000158,B,B,B,B,B,B,B,B,B,B,B,B,B
MLC3738002408,A,A,A,A,A,A,A,A,A,A,A,A,A
MLC3738010376,A,A,A,A,A,A,A,A,A,A,A,A,A
MLC3738012494,A,A,A,A,A,A,A,A,A,A,A,A,A
MLC3738017686,A,A,A,A,A,A,A,A,A,A,A,A,A
MLC3738017690,C,C,C,C,C,C,C,C,C,C,C,C,C
MLC3738017692,C,C,C,C,C,C,C,C,C,C,C,C,C
MLC3738017694,A,A,A,A,A,A,A,A,A,A,A,A,A
MLC3738017696,A,A,A,A,A,A,A,A,A,A,A,A,A
MLC3738018134,A,A,A,A,A,A,A,A,A,A,A,A,A
MLC3738025160,A,A,A,A,A,A,A,A,A,A,A,A,A
MLC3738030114,A,A,A,A,A,A,A,A,A,A,A,A,A
MLC3738030116,C,C,C,C,C,C,C,C,C,C,C,C,C
MLC3738030120,A,A,A,A,A,A,A,A,A,A,A,A,A
MLC3738043122,A,A,A,A,A,A,A,A,A,A,A,A,A
MLC3738043124,A,A,A,A,A,A,A,A,A,A,A,A,A
MLC3738073702,A,A,A,A,A,A,A,A,A,A,A,A,A
MLC3738073704,A,A,A,A,A,A,A,C,A,A,C,A,C
MLC3738073706,A,A,A,A,A,A,A,A,A,A,A,A,A
MLC3738073708,A,A,A,A,A,A,A,A,A,A,A,A,A
MLC3738073710,A,A,A,A,A,A,A,A,A,A,A,A,A
MLC3738085760,A,A,A,A,A,A,A,A,A,A,A,A,A
MLC3738085764,C,C,C,C,C,C,C,C,C,C,C,C,C
MLC3738085766,A,A,A,A,A,A,A,A,A,A,A,A,A
MLC3746188512,A,A,A,A,A,A,A,A,A,A,A,A,A
MLC3746188514,A,A,A,A,A,A,A,A,A,A,A,A,A
MLC3746188516,A,A,A,A,A,A,A,A,A,A,A,A,A
MLC3746188518,A,A,A,A,A,A,A,A,A,A,A,A,A
MLC3746188524,A,A,A,A,A,A,A,A,A,A,A,A,A
MLC3746224792,C,C,C,C,C,C,C,C,C,C,C,C,C
MLC3746224798,A,A,A,A,A,A,A,A,A,A,A,A,A
MLC3746224800,A,A,A,A,A,A,A,A,A,A,A,A,A
MLC3746224804,C,C,C,C,C,C,C,C,C,C,C,C,C
MLC3765157646,C,C,C,C,C,C,C,C,C,C,C,C,C
MLC3765157660,C,C,C,C,C,C,C,C,C,C,C,C,C
MLC3765157688,A,A,A,A,A,A,A,A,A,A,A,A,A
MLC3765157692,C,C,C,C,C,C,C,C,C,C,C,C,C
MLC3765157742,C,C,C,C,C,C,C,C,C,C,C,C,C
MLC3765157744,C,C,C,C,C,C,C,C,C,C,C,C,C
MLC3765157834,C,C,C,C,C,C,C,C,C,C,C,C,C
MLC3765157884,C,C,C,C,C,C,C,C,C,C,C,C,C
MLC3765157910,C,C,C,C,C,C,C,C,C,C,C,C,C
MLC3765157916,C,C,C,C,C,C,C,C,C,C,C,C,C
MLC3765157920,C,C,C,C,C,C,C,C,C,C,C,C,C
MLC3765157922,C,C,C,C,C,C,C,C,C,C,C,C,C
MLC3765157940,A,A,A,A,A,A,A,A,A,A,A,A,A
MLC3765157944,B,B,B,B,B,B,B,B,B,B,B,B,B
MLC3765170186,C,C,C,C,C,C,C,C,C,C,C,C,C
MLC3765170192,A,A,A,A,A,A,A,A,A,A,A,A,A
MLC3765170202,B,B,B,B,B,B,B,B,B,B,B,B,B
MLC3765170208,A,A,A,A,A,A,A,A,A,A,A,A,A
MLC3765170210,B,B,B,B,B,B,B,B,B,B,B,B,B
MLC3765170232,B,B,B,B,B,B,B,B,B,B,B,B,B
MLC3765170242,C,C,C,C,C,C,C,C,C,C,C,C,C
MLC3765170258,B,B,B,B,B,B,B,B,B,B,B,B,B
MLC3765170278,C,C,C,C,C,C,C,C,C,C,C,C,C
MLC3765170286,C,C,C,C,C,C,C,C,C,C,C,C,C
MLC3765170314,B,B,B,B,B,B,B,B,B,B,B,B,B
MLC3765170398,B,B,B,B,B,B,B,B,B,B,B,B,B
MLC3765170446,C,C,C,C,C,C,C,C,C,C,C,C,C
MLC3765170450,C,C,C,C,C,C,C,C,C,C,C,C,C
MLC3765170454,C,C,C,C,C,C,C,C,C,C,C,C,C
MLC3765170468,C,C,C,C,C,C,C,C,C,C,C,C,C
MLC3765170472,C,C,C,C,C,C,C,C,C,C,C,C,C
MLC3765170482,B,B,B,B,B,B,B,B,B,B,B,B,B
MLC3765179152,C,C,C,C,C,C,C,C,C,C,C,C,C
MLC3765179168,A,A,A,A,A,A,A,A,A,A,A,A,A
MLC3765179170,C,C,C,C,C,C,C,C,C,C,C,C,C
MLC3765179178,A,A,A,A,A,A,A,A,A,A,A,A,A
MLC3765179180,A,A,A,A,A,A,A,A,A,A,A,A,A
MLC3765179182,C,C,C,C,C,C,C,C,C,C,C,C,C
MLC3765179190,B,B,B,B,B,B,B,B,B,B,B,B,B
MLC3765179192,C,C,C,C,C,C,C,C,C,C,C,C,C
MLC3765179224,B,B,B,B,B,B,B,B,B,B,B,B,B
MLC3765179246,A,A,A,A,A,A,A,A,A,A,A,A,A
MLC3765179266,C,C,C,C,C,C,C,C,C,C,C,C,C
MLC3765179280,C,C,C,C,C,C,C,C,C,C,C,C,C
MLC3765179298,A,A,A,A,A,A,A,A,A,A,A,A,A
MLC3765179358,C,C,C,C,C,C,C,C,C,C,C,C,C
MLC3765179368,A,A,A,A,A,A,A,A,A,A,A,A,A
MLC3765179374,A,A,A,A,A,A,A,A,A,A,A,A,A
MLC3765179410,C,C,C,C,C,C,C,C,C,C,C,C,C
MLC3765179436,B,B,B,B,B,B,B,B,B,B,B,B,B
MLC3765179456,C,C,C,C,C,C,C,C,C,C,C,C,C
MLC3765179470,C,C,C,C,C,C,C,C,C,C,C,C,C
MLC3765192162,C,C,C,C,C,C,C,C,C,C,C,C,C
MLC3765192168,C,C,C,C,C,C,C,C,C,C,C,C,C
MLC3765192182,C,C,C,C,C,C,C,C,C,C,C,C,C
MLC3765192188,C,C,C,C,C,C,C,C,C,C,C,C,C
MLC3765192192,B,B,B,B,B,B,B,B,B,B,B,B,B
MLC3765192222,C,C,C,C,C,C,C,C,C,C,C,C,C
MLC3765192246,C,C,C,C,C,C,C,C,C,C,C,C,C
MLC3765192258,C,C,C,C,C,C,C,C,C,C,C,C,C
MLC3765192320,C,C,C,C,C,C,C,C,C,C,C,C,C
MLC3765192334,A,A,A,A,A,A,A,A,A,A,A,A,A
MLC3765192356,C,C,C,C,C,C,C,C,C,C,C,C,C
MLC3765192410,B,B,B,B,B,B,B,B,B,B,B,B,B
MLC3765192418,C,C,C,C,C,C,C,C,C,C,C,C,C
MLC3765192420,C,C,C,C,C,C,C,C,C,C,C,C,C
MLC3765241240,A,A,A,A,A,A,A,A,A,A,A,A,A
MLC3765241242,B,B,B,B,B,B,B,B,B,B,B,B,B
MLC3765241244,C,C,C,C,C,C,C,C,C,C,C,C,C
MLC3765241248,A,A,A,A,A,A,A,A,A,A,A,A,A
MLC3765241256,B,B,B,B,B,B,B,B,B,B,B,B,B
MLC3765241262,B,B,B,B,B,B,B,B,B,B,B,B,B
MLC3765241264,C,C,C,C,C,C,C,C,C,C,C,C,C
MLC3765241282,C,C,C,C,C,C,C,C,C,C,C,C,C
MLC3765241288,C,C,C,C,C,C,C,C,C,C,C,C,C
MLC3765241294,C,C,C,C,C,C,C,C,C,C,C,C,C
MLC3765241302,C,C,C,C,C,C,C,C,C,C,C,C,C
MLC3765241308,B,B,B,B,B,B,B,B,B,B,B,B,B
MLC3765241310,B,B,B,B,B,B,B,B,B,B,B,B,B
MLC3765241314,C,C,C,C,C,C,C,C,C,C,C,C,C
MLC3765241336,B,B,B,B,B,B,B,B,B,B,B,B,B
MLC3765241360,A,A,A,A,A,A,A,A,A,A,A,A,A
MLC3765241416,C,C,C,C,C,C,C,C,C,C,C,C,C
MLC3765241450,C,C,C,C,C,C,C,C,C,C,C,C,C
MLC3765241490,A,A,A,A,A,A,A,A,A,A,A,A,A
MLC3765241504,C,C,C,C,C,C,C,C,C,C,C,C,C
MLC3765241512,A,A,A,A,A,A,A,A,A,A,A,A,A
MLC3765241518,C,C,C,C,C,C,C,C,C,C,C,C,C
MLC3765241520,A,A,A,A,A,A,A,A,A,A,A,A,A
MLC3765241532,B,B,B,B,B,B,B,B,B,B,B,B,B
MLC3765241546,B,B,B,B,B,B,B,B,B,B,B,B,B
MLC3765241570,C,C,C,C,C,C,C,C,C,C,C,C,C
MLC3765241576,B,B,B,B,B,B,B,B,B,B,B,B,B
MLC3765241578,C,C,C,C,C,C,C,C,C,C,C,C,C
MLC3765241588,B,B,B,B,B,B,B,B,B,B,B,B,B
MLC3765241600,C,C,C,C,C,C,C,C,C,C,C,C,C
MLC3776440424,C,C,C,C,C,C,C,C,C,C,C,C,C
MLC3776551612,C,C,C,C,C,C,C,C,C,C,C,C,C
MLC3794462978,C,C,C,C,C,C,C,C,C,C,C,C,C
MLC3794462980,B,B,B,B,B,B,B,B,B,B,B,B,B
MLC3794462982,B,B,B,B,B,B,B,B,B,B,B,B,B
MLC3794462984,C,C,C,C,C,C,C,C,C,C,C,C,C
MLC3794462986,C,C,C,C,C,C,C,C,C,C,C,C,C
MLC3794462990,B,B,B,B,B,B,B,B,B,B,B,B,B
MLC3794462992,C,C,C,C,C,C,C,C,C,C,C,C,C
MLC3794462996,C,C,C,C,C,C,C,C,C,C,C,C,C
MLC3794462998,C,C,C,C,C,C,C,C,C,C,C,C,C
MLC3794463000,C,C,C,C,C,C,C,C,C,C,C,C,C
MLC3794463002,C,C,C,C,C,C,C,C,C,C,C,C,C
MLC3794463004,A,A,A,A,A,A,A,A,A,A,A,A,A
MLC3794463006,C,C,C,C,C,C,C,C,C,C,C,C,C
MLC3794463008,C,C,C,C,C,C,C,C,C,C,C,C,C
MLC3794463010,B,B,B,B,B,B,B,B,B,B,B,B,B
MLC3794463012,C,C,C,C,C,C,C,C,C,C,C,C,C
MLC3794463018,B,B,B,B,B,B,B,B,B,B,B,B,B
MLC3794463026,C,C,C,C,C,C,C,C,C,C,C,C,C
MLC3794463028,C,C,C,C,C,C,C,C,C,C,C,C,C
MLC3794463030,C,C,C,C,C,C,C,C,C,C,C,C,C
MLC3794463032,B,B,B,B,B,B,B,B,B,B,B,B,B
MLC3794463034,B,B,B,B,B,B,B,B,B,B,B,B,B
MLC3794463036,C,C,C,C,C,C,C,C,C,C,C,C,C
MLC3794463038,C,C,C,C,C,C,C,C,C,C,C,C,C
MLC3794463040,C,C,C,C,C,C,C,C,C,C,A,C,C
MLC3794463042,B,B,B,B,B,B,B,B,B,B,B,B,B
MLC3794463044,B,B,B,B,B,B,B,B,B,B,B,B,B
MLC3794463050,B,B,B,B,B,B,B,B,B,B,B,B,B
MLC3794463054,C,C,C,C,C,C,C,C,C,C,C,C,C
MLC3794463056,C,C,C,C,C,C,C,C,C,C,C,C,C
MLC3794463058,C,C,C,C,C,C,C,C,C,C,C,C,C
MLC3794463060,C,C,C,C,C,C,C,C,C,C,C,C,C
MLC3794463062,B,B,B,B,B,B,B,B,B,B,B,B,B
MLC3794463064,B,B,B,B,B,B,B,B,B,B,B,B,B
MLC3794463066,C,C,C,C,C,C,C,C,C,C,C,C,C
MLC3794463070,C,C,C,C,C,C,C,C,C,C,C,C,C
MLC3794463072,C,C,C,C,C,C,C,C,C,C,C,C,C
MLC3794463074,B,B,B,B,B,B,B,B,B,B,B,B,B
MLC3794463076,C,C,C,C,C,C,C,C,C,C,C,C,C
MLC3794463078,C,C,C,C,C,C,C,C,C,C,C,C,C
MLC3794463080,B,B,B,B,B,B,B,B,B,B,B,B,B
MLC3794463084,C,C,C,C,C,C,C,C,C,C,C,C,C
MLC3794463086,C,C,C,C,C,C,C,C,C,C,C,C,C
MLC3794463088,B,B,B,B,B,B,B,B,B,B,B,B,B
MLC3794463090,B,B,B,B,B,B,B,B,B,B,B,B,B
MLC3794493556,B,B,B,B,B,B,B,B,B,B,B,B,B
MLC3794493558,B,B,B,B,B,B,B,B,B,B,B,B,B
MLC3794493560,C,C,C,C,C,C,C,C,C,C,C,C,C
MLC3794493564,C,C,C,C,C,C,C,C,C,C,C,C,C
MLC3794493566,C,C,C,C,C,C,C,C,C,C,C,C,C
MLC3794493568,C,C,C,C,C,C,C,C,C,C,C,C,C
MLC3794493570,C,C,C,C,C,C,C,C,C,C,C,C,C
MLC3794493572,C,C,C,C,C,C,C,C,C,C,C,C,C
MLC3794493574,C,C,C,C,C,C,C,C,C,C,C,C,C
MLC3794493576,C,C,C,C,C,C,C,C,C,C,C,C,C
MLC3794493578,B,B,B,B,B,B,B,B,B,B,B,B,B
MLC3794493580,C,C,C,C,C,C,C,C,C,C,C,C,C
MLC3794493582,B,B,B,B,B,B,B,B,B,B,B,B,B
MLC3794493586,A,A,A,A,A,A,A,A,A,A,A,A,A
MLC3794493590,B,B,B,B,B,B,B,B,B,B,B,B,B
MLC3794493592,B,B,B,B,B,B,B,B,B,B,B,B,B
MLC3794493596,C,C,C,C,C,C,C,C,C,C,C,C,C
MLC3794493598,B,B,B,B,B,B,B,B,B,B,B,B,B
MLC3794493600,B,B,B,B,B,B,B,B,B,B,B,B,B
MLC3794493602,B,B,B,B,B,B,B,B,B,B,B,B,B
MLC3794493604,C,C,C,C,C,C,C,C,C,C,C,C,C
MLC3794493606,B,B,B,B,B,B,B,B,B,B,B,B,B
MLC3794493608,C,C,C,C,C,C,C,C,C,C,C,C,C
MLC3794493612,B,B,B,B,B,B,B,B,B,B,B,B,B
MLC3794493614,B,B,B,B,B,B,B,B,B,B,B,B,B
MLC3794493620,B,B,B,B,B,B,B,B,B,B,B,B,B
MLC3794493622,C,C,C,C,C,C,C,C,C,C,C,C,C
MLC3794493624,B,B,B,B,B,B,B,B,B,B,B,B,B
MLC3794493626,C,C,C,C,C,C,C,C,C,C,C,C,C
MLC3794493628,B,B,B,B,B,B,B,B,B,B,B,B,B
MLC3794493630,B,B,B,B,B,B,B,B,B,B,B,B,B
MLC3794493632,C,C,C,C,C,C,C,C,C,C,C,C,C
MLC3794493634,C,C,C,C,C,C,C,C,C,C,C,C,C
MLC3794493636,C,C,C,C,C,C,C,C,C,C,C,C,C
MLC3794493638,B,B,B,B,B,B,B,B,B,B,B,B,B
MLC3794493640,C,C,C,C,C,C,C,C,C,C,C,C,C
MLC3794493642,B,B,B,B,B,B,B,B,B,B,B,B,B
MLC3794493644,C,C,C,C,C,C,C,C,C,C,C,C,C
MLC3794493646,C,C,C,C,C,C,C,C,C,C,C,C,C
MLC3794493648,C,C,C,C,C,C,C,C,C,C,C,C,C
MLC3794493650,C,C,C,C,C,C,C,C,C,C,C,C,C
MLC3794493652,B,B,B,B,B,B,B,B,B,B,B,B,B
MLC3794493654,C,C,C,C,C,C,C,C,C,C,C,C,C
MLC3794493658,C,C,C,C,C,C,C,C,C,C,C,C,C
MLC3794506280,C,C,C,C,C,C,C,C,C,C,C,C,C
MLC3794506282,B,B,B,B,B,B,B,B,B,B,B,B,B
MLC3794506286,C,C,C,C,C,C,C,C,C,C,C,C,C
MLC3794506288,B,B,B,B,B,B,B,B,B,B,B,B,B
MLC3794506290,B,B,B,B,B,B,B,B,B,B,B,B,B
MLC3794506292,C,C,C,C,C,C,C,C,C,C,C,C,C
MLC3794506296,B,B,B,B,B,B,B,B,B,B,B,B,B
MLC3794506298,B,B,B,B,B,B,B,B,B,B,B,B,B
MLC3794506300,C,C,C,C,C,C,C,C,C,C,C,C,C
MLC3794506302,C,C,C,C,C,C,C,C,C,C,C,C,C
MLC3794506304,B,B,B,B,B,B,B,B,B,B,B,B,B
MLC3794506306,C,C,C,C,C,C,C,C,C,C,C,C,C
MLC3794506312,B,B,B,B,B,B,B,B,B,B,B,B,B
MLC3794506316,B,B,B,B,B,B,B,B,B,B,B,B,B
MLC3794506318,A,A,A,A,A,A,A,A,A,A,A,A,A
MLC3794506320,B,B,B,B,B,B,B,B,B,B,B,B,B
MLC3794506322,B,B,B,B,B,B,B,B,B,B,B,B,B
MLC3794506324,C,C,C,C,C,C,C,C,C,C,C,C,C
MLC3794506326,B,B,B,B,B,B,B,B,B,B,B,B,B
MLC3794506328,B,B,B,B,B,B,B,B,B,B,B,B,B
MLC3794506330,C,C,C,C,C,C,C,C,C,C,C,C,C
MLC3794506332,B,B,B,B,B,B,B,B,B,B,B,B,B
MLC3794506334,C,C,C,C,C,C,C,C,C,C,C,C,C
MLC3794506336,B,B,B,B,B,B,B,B,B,B,B,B,B
MLC3794506338,C,C,C,C,C,C,C,C,C,C,C,C,C
MLC3794506340,C,C,C,C,C,C,C,C,C,C,C,C,C
MLC3794506344,C,C,C,C,C,C,C,C,C,C,C,C,C
MLC3794506346,B,B,B,B,B,B,B,B,B,B,B,B,B
MLC3794506348,C,C,C,C,C,C,C,C,C,C,C,C,C
MLC3794506350,C,C,C,C,C,C,C,C,C,C,C,C,C
MLC3794506354,B,B,B,B,B,B,B,B,B,B,B,B,B
MLC3794506356,C,C,C,C,C,C,C,C,C,C,C,C,C
MLC3794506358,C,C,C,C,C,C,C,C,C,C,C,C,C
MLC3794506360,C,C,C,C,C,C,C,C,C,C,C,C,C
MLC3794506362,C,C,C,C,C,C,C,C,C,C,C,C,C
MLC3794506364,B,B,B,B,B,B,B,B,B,B,B,B,B
MLC3794506368,C,C,C,C,C,C,C,C,C,C,C,C,C
MLC3794506370,B,B,B,B,B,B,B,B,B,B,B,B,B
MLC3794506372,B,B,B,B,B,B,B,B,B,B,B,B,B
MLC3794506374,C,C,C,C,C,C,C,C,C,C,C,C,C
MLC3794506376,C,C,C,C,C,C,C,C,C,C,C,C,C
MLC3794506378,C,C,C,C,C,C,C,C,C,C,C,C,C
MLC3794506380,B,B,B,B,B,B,B,B,B,B,B,B,B
MLC3794506382,C,C,C,C,C,C,C,C,C,C,C,C,C
MLC3794506384,A,A,A,A,A,A,A,A,A,A,A,A,A
MLC3794506386,C,C,C,C,C,C,C,C,C,C,C,C,C
MLC3794517732,C,C,C,C,C,C,C,C,C,C,C,C,C
MLC3794517734,C,C,C,C,C,C,C,C,C,C,C,C,C
MLC3794517736,C,C,C,C,C,C,C,C,C,C,C,C,C
MLC3794517738,C,C,C,C,C,C,C,C,C,C,C,C,C
MLC3794517740,C,C,C,C,C,C,C,C,C,C,C,C,C
MLC3794517742,C,C,C,C,C,C,C,C,C,C,C,C,C
MLC3794517744,C,C,C,C,C,C,C,C,C,C,C,C,C
MLC3794517746,A,A,A,A,A,A,A,A,A,A,A,A,A
MLC3794517748,C,C,C,C,C,C,C,C,C,C,C,C,C
MLC3794517750,A,A,A,A,A,A,A,A,A,A,A,A,A
MLC3794517752,C,C,C,C,C,C,C,C,C,C,C,C,C
MLC3794517754,B,B,B,B,B,B,B,B,B,B,B,B,B
MLC3794517758,B,B,B,B,B,B,B,B,B,B,B,B,B
MLC3794517760,C,C,C,C,C,C,C,C,C,C,C,C,C
MLC3794517764,B,B,B,B,B,B,B,B,B,B,B,B,B
MLC3794517766,C,C,C,C,C,C,C,C,C,C,C,C,C
MLC3794517768,C,C,C,C,C,C,C,C,C,C,C,C,C
MLC3794517770,C,C,C,C,C,C,C,C,C,C,C,C,C
MLC3794517772,C,C,C,C,C,C,C,C,C,C,C,C,C
MLC3794517774,B,B,B,B,B,B,B,B,B,B,B,B,B
MLC3794517776,C,C,C,C,C,C,C,C,C,C,C,C,C
MLC3794517778,C,C,C,C,C,C,C,C,C,C,C,C,C
MLC3794517780,C,C,C,C,C,C,C,C,C,C,C,C,C
MLC3794517782,B,B,B,B,B,B,B,B,B,B,B,B,B
MLC3794517784,B,B,B,B,B,B,B,B,B,B,B,B,B
MLC3794517786,B,B,B,B,B,B,B,B,B,B,A,B,B
MLC3794517788,C,C,C,C,C,C,C,C,C,C,C,C,C
MLC3794517790,B,B,B,B,B,B,B,B,B,B,B,B,B
MLC3794517792,B,B,B,B,B,B,B,B,B,B,B,B,B
MLC3794517794,C,C,C,C,C,C,C,C,C,C,C,C,C
MLC3794517796,C,C,C,C,C,C,C,C,C,C,C,C,C
MLC3794517798,B,B,B,B,B,B,B,B,B,B,B,B,B
MLC3794517802,B,B,B,B,B,B,B,B,B,B,B,B,B
MLC3794517804,C,C,C,C,C,C,C,C,C,C,C,C,C
MLC3794517806,B,B,B,B,B,B,B,B,B,B,B,B,B
MLC3794517810,B,B,B,B,B,B,B,B,B,B,B,B,B
MLC3794517812,C,C,C,C,C,C,C,C,C,C,C,C,C
MLC3794517814,C,C,C,C,C,C,C,C,C,C,C,C,C
MLC3794517816,B,B,B,B,B,B,B,B,B,B,B,B,B
MLC3794517818,C,C,C,C,C,C,C,C,C,C,C,C,C
MLC3794517820,C,C,C,C,C,C,C,C,C,C,C,C,C
MLC3794517822,C,C,C,C,C,C,C,C,C,C,C,C,C
MLC3794517824,C,C,C,C,C,C,C,C,C,C,C,C,C
MLC3794517828,C,C,C,C,C,C,C,C,C,C,C,C,C
MLC3794517830,B,B,B,B,B,B,B,B,B,B,B,B,B
MLC3794517832,B,B,B,B,B,B,B,B,B,B,B,B,B
MLC3794517836,B,B,B,B,B,B,B,B,B,B,B,B,B
MLC3794517838,C,C,C,C,C,C,C,C,C,C,C,C,C
MLC3794517842,C,C,C,C,C,C,C,C,C,C,C,C,C
MLC3794517846,C,C,C,C,C,C,C,C,C,C,C,C,C
MLC3794517848,C,C,C,C,C,C,C,C,C,C,C,C,C
MLC3798710954,A,A,A,A,A,A,A,A,A,A,A,A,A
MLC3820925964,B,B,B,B,B,B,B,B,B,B,B,B,B
MLC3824539038,C,C,C,C,C,C,C,C,C,C,C,C,C
MLC3824556494,C,C,C,C,C,C,C,C,C,C,C,C,C
MLC3824629306,C,C,C,C,C,C,C,C,C,C,C,C,C
MLC3855241456,A,A,A,A,A,A,A,A,A,A,A,A,A
MLC3856837238,B,B,B,B,B,B,B,B,B,B,B,B,B
MLC3856837244,C,C,C,C,C,C,C,C,C,C,C,C,C
MLC3856837296,B,B,B,B,B,B,B,B,B,B,B,B,B
MLC3856837298,B,B,B,B,B,B,B,B,B,B,B,B,B
MLC3856837300,C,C,C,C,C,C,C,C,C,C,C,C,C
MLC3856837310,A,A,A,A,A,A,A,A,A,A,A,A,A
MLC3856837312,C,C,C,C,C,C,C,C,C,C,C,C,C
MLC3856837320,C,C,C,C,C,C,C,C,C,C,C,C,C
MLC3856850174,B,B,B,B,B,B,B,B,B,B,B,B,B
MLC3856850178,B,B,B,B,B,B,B,B,B,B,B,B,B
MLC3856850180,A,A,A,A,A,A,A,A,A,A,A,A,A
MLC3856850182,C,C,C,C,C,C,C,C,C,C,C,C,C
MLC3856850188,C,C,C,C,C,C,C,C,C,C,C,C,C
MLC3856850190,B,B,B,B,B,B,B,B,B,B,B,B,B
MLC3856850192,C,C,C,C,C,C,C,C,C,C,C,C,C
MLC3856850206,C,C,C,C,C,C,C,C,C,C,C,C,C
MLC3856850228,B,B,B,B,B,B,B,B,B,B,B,B,B
MLC3856850240,B,B,B,B,B,B,B,B,B,B,B,B,B
MLC3856850252,B,B,B,B,B,B,B,B,B,B,B,B,B
MLC3856850262,C,C,C,C,C,C,C,C,C,C,C,C,C
MLC3856871920,A,A,A,A,A,A,A,A,A,A,A,A,A
MLC3856871922,C,C,C,C,C,C,C,C,C,C,C,C,C
MLC3856871936,B,B,B,B,B,B,B,B,B,B,B,B,B
MLC3856871942,C,C,C,C,C,C,C,C,C,C,C,C,C
MLC3856871944,C,C,C,C,C,C,C,C,C,C,C,C,C
MLC3856871948,B,B,B,B,B,B,B,B,B,B,B,B,B
MLC3856871950,C,C,C,C,C,C,C,C,C,C,C,C,C
MLC3856871954,C,C,C,C,C,C,C,C,C,C,C,C,C
MLC3856871968,B,B,B,B,B,B,B,B,B,B,B,B,B
MLC3856871972,C,C,C,C,C,C,C,C,C,C,C,C,C
MLC3856871982,C,C,C,C,C,C,C,C,C,C,C,C,C
MLC3856871988,B,B,B,B,B,B,B,B,B,B,B,B,B
MLC3856872022,B,B,B,B,B,B,B,B,B,B,B,B,B
MLC3856872036,C,C,C,C,C,C,C,C,C,C,C,C,C
MLC3856884968,C,C,C,C,C,C,C,C,C,C,C,C,C
MLC3856884970,B,B,B,B,B,B,B,B,B,B,B,B,B
MLC3856884974,B,B,B,B,B,B,B,B,B,B,B,B,B
MLC3856884980,B,B,B,B,B,B,B,B,B,B,B,B,B
MLC3856884982,C,C,C,C,C,C,C,C,C,C,C,C,C
MLC3856884984,C,C,C,C,C,C,C,C,C,C,C,C,C
MLC3856884988,B,B,B,B,B,B,B,B,B,B,B,B,B
MLC3856884990,A,A,A,A,A,A,A,A,A,A,A,A,A
MLC3856884992,B,B,B,B,B,B,B,B,B,B,B,B,B
MLC3856885010,B,B,B,B,B,B,B,B,B,B,B,B,B
MLC3856885018,C,C,C,C,C,C,C,C,C,C,C,C,C
MLC3856885028,C,C,C,C,C,C,C,C,C,C,C,C,C
MLC3856885036,B,B,B,B,B,B,B,B,B,B,B,B,B
MLC3856885050,B,B,B,B,B,B,B,B,B,B,B,B,B
MLC3856885072,C,C,C,C,C,C,C,C,C,C,C,C,C
MLC3856885080,C,C,C,C,C,C,C,C,C,C,C,C,C
MLC3856885082,C,C,C,C,C,C,C,C,C,C,C,C,C
MLC3856897652,C,C,C,C,C,C,C,C,C,C,C,C,C
MLC3856897654,B,B,B,B,B,B,B,B,B,B,B,B,B
MLC3856897656,B,B,B,B,B,B,B,B,B,B,B,B,B
MLC3856897660,B,B,B,B,B,B,B,B,B,B,B,B,B
MLC3856897664,B,B,B,B,B,B,B,B,B,B,B,B,B
MLC3856897668,B,B,B,B,B,B,B,B,B,B,B,B,B
MLC3856897684,B,B,B,B,B,B,B,B,B,B,B,B,B
MLC3856897686,B,B,B,B,B,B,B,B,B,B,B,B,B
MLC3856897706,C,C,C,C,C,C,C,C,C,C,C,C,C
MLC3856897716,C,C,C,C,C,C,C,C,C,C,C,C,C
MLC3856897732,B,B,B,B,B,B,B,B,B,B,B,B,B
MLC3856897736,C,C,C,C,C,C,C,C,C,C,C,C,C
MLC3856897742,C,C,C,C,C,C,C,C,C,C,C,C,C
MLC3856897746,A,A,A,A,A,A,A,A,A,A,A,A,A
MLC3856897756,B,B,B,B,B,B,B,B,B,B,B,B,B
MLC3856897788,C,C,C,C,C,C,C,C,C,C,C,C,C
MLC3856909348,C,C,C,C,C,C,C,C,C,C,C,C,C
MLC3856909350,C,C,C,C,C,C,C,C,C,C,C,C,C
MLC3856909352,B,B,B,B,B,B,B,B,B,B,B,B,B
MLC3856909358,B,B,B,B,B,B,B,B,B,B,B,B,B
MLC3856909360,B,B,B,B,B,B,B,B,B,B,B,B,B
MLC3856909370,B,B,B,B,B,B,B,B,B,B,B,B,B
MLC3856909380,A,A,A,A,A,A,A,A,A,A,A,A,A
MLC3856909384,A,A,A,A,A,A,A,A,A,A,A,A,A
MLC3856909388,A,A,A,A,A,A,A,A,A,A,A,A,A
MLC3856909398,B,B,B,B,B,B,B,B,B,B,B,B,B
MLC3856909418,B,B,B,B,B,B,B,B,B,B,B,B,B
MLC3856909442,C,C,C,C,C,C,C,C,C,C,C,C,C
MLC3856909472,C,C,C,C,C,C,C,C,C,C,C,C,C
MLC3856909476,C,C,C,C,C,C,C,C,C,C,C,C,C
MLC3856922450,C,C,C,C,C,C,C,C,C,C,C,C,C
MLC3856922454,B,B,B,B,B,B,B,B,B,B,B,B,B
MLC3856922470,C,C,C,C,C,C,C,C,C,C,C,C,C
MLC3856922474,C,C,C,C,C,C,C,C,C,C,C,C,C
MLC3856922482,A,A,A,A,A,A,A,A,A,A,A,A,A
MLC3856922486,C,C,C,C,C,C,C,C,C,C,C,C,C
MLC3856922490,B,B,B,B,B,B,B,B,B,B,B,B,B
MLC3856922504,C,C,C,C,C,C,C,C,C,C,C,C,C
MLC3856922522,C,C,C,C,C,C,C,C,C,C,C,C,C
MLC3856922524,B,B,B,B,B,B,B,B,B,B,B,B,B
MLC3856922582,C,C,C,C,C,C,C,C,C,C,C,C,C
MLC3856935082,C,C,C,C,C,C,C,C,C,C,C,C,C
MLC3856935086,C,C,C,C,C,C,C,C,C,C,C,C,C
MLC3856935088,C,C,C,C,C,C,C,C,C,C,C,C,C
MLC3856935092,C,C,C,C,C,C,C,C,C,C,C,C,C
MLC3856935094,C,C,C,C,C,C,C,C,C,C,C,C,C
MLC3856935100,C,C,C,C,C,C,C,C,C,C,C,C,C
MLC3856935110,C,C,C,C,C,C,C,C,C,C,C,C,C
MLC3856935118,B,B,B,B,B,B,B,B,B,B,B,B,B
MLC3856935122,C,C,C,C,C,C,C,C,C,C,C,C,C
MLC3856935124,B,B,B,B,B,B,B,B,B,B,B,B,B
MLC3856935126,C,C,C,C,C,C,C,C,C,C,C,C,C
MLC3856935128,C,C,C,C,C,C,C,C,C,C,C,C,C
MLC3856935140,C,C,C,C,C,C,C,C,C,C,C,C,C
MLC3856935146,C,C,C,C,C,C,C,C,C,C,C,C,C
MLC3856935166,C,C,C,C,C,C,C,C,C,C,C,C,C
MLC3856935170,B,B,B,B,B,B,B,B,B,B,B,B,B
MLC3856935172,C,C,C,C,C,C,C,C,C,C,C,C,C
MLC3856935196,B,B,B,B,B,B,B,B,B,B,B,B,B
MLC3856935212,C,C,C,C,C,C,C,C,C,C,C,C,C
MLC3856943700,B,B,B,B,B,B,B,B,B,B,B,B,B
MLC3856943702,B,B,B,B,B,B,B,B,B,B,B,B,B
MLC3856943708,A,A,A,A,A,A,A,A,A,A,A,A,A
MLC3856943710,B,B,B,B,B,B,B,B,B,B,B,B,B
MLC3856943716,C,C,C,C,C,C,C,C,C,C,C,C,C
MLC3856943730,B,B,B,B,B,B,B,B,B,B,B,B,B
MLC3856943734,C,C,C,C,C,C,C,C,C,C,C,C,C
MLC3856943750,C,C,C,C,C,C,C,C,C,C,C,C,C
MLC3856943782,B,B,B,B,B,B,B,B,B,B,B,B,B
MLC3856943792,C,C,C,C,C,C,C,C,C,C,C,C,C
MLC3856943800,C,C,C,C,C,C,C,C,C,C,C,C,C
MLC3856943802,C,C,C,C,C,C,C,C,C,C,C,C,C
MLC3856943812,C,C,C,C,C,C,C,C,C,C,C,C,C
MLC3856943820,B,B,B,B,B,B,B,B,B,B,B,B,B
MLC3856956648,B,B,B,B,B,B,B,B,B,B,B,B,B
MLC3856956650,C,C,C,C,C,C,C,C,C,C,C,C,C
MLC3856956654,C,C,C,C,C,C,C,C,C,C,C,C,C
MLC3856956674,C,C,C,C,C,C,C,C,C,C,C,C,C
MLC3856956676,B,B,B,B,B,B,B,B,B,B,B,B,B
MLC3856956688,A,A,A,A,A,A,A,A,A,A,A,A,A
MLC3856956690,C,C,C,C,C,C,C,C,C,C,C,C,C
MLC3856956722,C,C,C,C,C,C,C,C,C,C,C,C,C
MLC3856956764,B,B,B,B,B,B,B,B,B,B,B,B,B
MLC3856969738,C,C,C,C,C,C,C,C,C,C,C,C,C
MLC3856969750,C,C,C,C,C,C,C,C,C,C,C,C,C
MLC3856969768,C,C,C,C,C,C,C,C,C,C,C,C,C
MLC3856969828,B,B,B,B,B,B,B,B,B,B,B,B,B
MLC3936734218,C,C,C,C,C,C,C,C,C,C,C,C,C
MLC3936773372,C,C,C,C,C,C,C,C,C,C,C,C,C
MLC3936773374,A,A,A,A,A,A,A,A,A,A,A,A,A
MLC3945379858,A,A,A,A,A,A,A,A,A,A,A,A,A
MLC3945446488,A,A,A,A,A,A,A,A,A,A,A,A,A
MLC3945752680,A,A,A,A,A,A,A,A,A,A,A,A,A
MLC3945754710,A,A,A,A,A,A,A,A,A,A,A,A,A
MLC3945755342,C,C,C,C,C,C,C,C,C,C,C,C,C
MLC3946823992,C,C,C,C,C,C,C,C,C,C,C,C,C
MLC3951882858,C,C,C,C,C,C,C,C,C,C,C,C,C
MLC3960430484,A,A,A,A,A,A,A,A,A,A,A,A,A
MLC3960455936,A,A,A,A,A,A,A,A,A,A,A,A,A
MLC3964323930,A,A,A,A,A,A,A,A,A,A,A,A,A
MLC3964479062,C,C,C,C,C,C,C,C,C,C,C,C,C
MLC3965075234,A,A,A,A,A,A,A,A,A,A,A,A,A
MLC3968076530,A,A,A,A,A,A,A,A,A,A,A,A,A
MLC3968095692,A,A,A,A,A,A,A,A,A,A,A,A,A
MLC3994367164,C,C,C,C,C,C,C,C,C,C,C,C,C
MLC4029203790,B,B,B,B,B,B,B,B,B,B,B,B,B
MLC4029205684,A,A,A,A,A,A,A,A,A,A,A,A,A
MLC4029229406,A,A,A,A,A,A,A,A,A,A,A,A,A
MLC4029242122,A,A,A,A,A,A,A,A,A,A,A,A,A
MLC4031342472,B,B,B,B,B,B,B,B,B,B,B,B,B
MLC4031965378,C,C,C,C,C,C,C,C,C,C,C,C,C
MLC4031978584,A,A,A,A,A,A,A,A,A,A,A,A,A
MLC4032146998,A,A,A,A,A,A,A,A,A,A,A,A,A
